<?xml version="1.0" encoding="UTF-8"?>
<gpx creator="https://gpx.studio" version="1.1" xmlns="http://www.topografix.com/GPX/1/1" xmlns:xsi="http://www.w3.org/2001/XMLSchema-instance" xsi:schemaLocation="http://www.topografix.com/GPX/1/1 http://www.topografix.com/GPX/1/1/gpx.xsd http://www.garmin.com/xmlschemas/GpxExtensions/v3 http://www.garmin.com/xmlschemas/GpxExtensionsv3.xsd http://www.garmin.com/xmlschemas/TrackPointExtension/v1 http://www.garmin.com/xmlschemas/TrackPointExtensionv1.xsd http://www.garmin.com/xmlschemas/PowerExtension/v1 http://www.garmin.com/xmlschemas/PowerExtensionv1.xsd http://www.topografix.com/GPX/gpx_style/0/2 http://www.topografix.com/GPX/gpx_style/0/2/gpx_style.xsd" xmlns:gpxtpx="http://www.garmin.com/xmlschemas/TrackPointExtension/v1" xmlns:gpxx="http://www.garmin.com/xmlschemas/GpxExtensions/v3" xmlns:gpxpx="http://www.garmin.com/xmlschemas/PowerExtension/v1" xmlns:gpx_style="http://www.topografix.com/GPX/gpx_style/0/2">
  <metadata>
    <name>New file 1</name>
    <author>
      <name>gpx.studio</name>
      <link href="https://gpx.studio"/>
    </author>
  </metadata>
  <trk>
    <name>New file 1</name>
    <trkseg>
      <trkpt lat="18.801532" lon="98.968157">
        <ele>321.98</ele>
      </trkpt>
      <trkpt lat="18.801396" lon="98.968093">
        <ele>321.89</ele>
      </trkpt>
      <trkpt lat="18.801301" lon="98.968097">
        <ele>322.05</ele>
      </trkpt>
      <trkpt lat="18.801057" lon="98.968548">
        <ele>324.08</ele>
      </trkpt>
      <trkpt lat="18.800478" lon="98.969624">
        <ele>321.18</ele>
      </trkpt>
      <trkpt lat="18.800254" lon="98.970038">
        <ele>324.64</ele>
      </trkpt>
      <trkpt lat="18.799984" lon="98.97054">
        <ele>321</ele>
      </trkpt>
      <trkpt lat="18.799537" lon="98.971366">
        <ele>321.07</ele>
      </trkpt>
      <trkpt lat="18.799473" lon="98.971326">
        <ele>321.9</ele>
      </trkpt>
      <trkpt lat="18.79965" lon="98.971003">
        <ele>320.4</ele>
      </trkpt>
      <trkpt lat="18.799927" lon="98.970495">
        <ele>321.21</ele>
      </trkpt>
      <trkpt lat="18.800157" lon="98.970061">
        <ele>324.85</ele>
      </trkpt>
      <trkpt lat="18.800391" lon="98.969615">
        <ele>321.71</ele>
      </trkpt>
      <trkpt lat="18.80096" lon="98.968547">
        <ele>324.79</ele>
      </trkpt>
      <trkpt lat="18.801085" lon="98.968295">
        <ele>324.86</ele>
      </trkpt>
      <trkpt lat="18.801211" lon="98.968043">
        <ele>322.55</ele>
      </trkpt>
      <trkpt lat="18.801197" lon="98.967943">
        <ele>322.52</ele>
      </trkpt>
      <trkpt lat="18.801168" lon="98.96787">
        <ele>322.88</ele>
      </trkpt>
      <trkpt lat="18.800868" lon="98.967725">
        <ele>324.78</ele>
      </trkpt>
      <trkpt lat="18.800595" lon="98.967599">
        <ele>323.54</ele>
      </trkpt>
      <trkpt lat="18.80034" lon="98.967507">
        <ele>322.53</ele>
      </trkpt>
      <trkpt lat="18.799571" lon="98.967226">
        <ele>325</ele>
      </trkpt>
      <trkpt lat="18.798757" lon="98.966927">
        <ele>322</ele>
      </trkpt>
      <trkpt lat="18.798331" lon="98.966771">
        <ele>322.29</ele>
      </trkpt>
      <trkpt lat="18.797428" lon="98.966422">
        <ele>325.9</ele>
      </trkpt>
      <trkpt lat="18.796922" lon="98.966233">
        <ele>322.91</ele>
      </trkpt>
      <trkpt lat="18.794796" lon="98.965419">
        <ele>323.61</ele>
      </trkpt>
      <trkpt lat="18.794575" lon="98.965331">
        <ele>322.57</ele>
      </trkpt>
      <trkpt lat="18.794866" lon="98.963858">
        <ele>324</ele>
      </trkpt>
      <trkpt lat="18.795017" lon="98.963133">
        <ele>323.6</ele>
      </trkpt>
      <trkpt lat="18.795153" lon="98.962536">
        <ele>326</ele>
      </trkpt>
      <trkpt lat="18.79512" lon="98.962408">
        <ele>325.77</ele>
      </trkpt>
      <trkpt lat="18.795078" lon="98.962337">
        <ele>325.28</ele>
      </trkpt>
      <trkpt lat="18.795009" lon="98.962286">
        <ele>325.03</ele>
      </trkpt>
      <trkpt lat="18.794684" lon="98.962159">
        <ele>324.85</ele>
      </trkpt>
      <trkpt lat="18.794504" lon="98.962113">
        <ele>325.87</ele>
      </trkpt>
      <trkpt lat="18.793784" lon="98.961853">
        <ele>326</ele>
      </trkpt>
      <trkpt lat="18.792099" lon="98.961243">
        <ele>327.06</ele>
      </trkpt>
      <trkpt lat="18.790928" lon="98.9608">
        <ele>325.51</ele>
      </trkpt>
      <trkpt lat="18.790292" lon="98.960571">
        <ele>326.22</ele>
      </trkpt>
      <trkpt lat="18.789543" lon="98.960302">
        <ele>324.8</ele>
      </trkpt>
      <trkpt lat="18.788835" lon="98.960052">
        <ele>324</ele>
      </trkpt>
      <trkpt lat="18.787606" lon="98.959645">
        <ele>325</ele>
      </trkpt>
      <trkpt lat="18.786804" lon="98.959355">
        <ele>324.23</ele>
      </trkpt>
      <trkpt lat="18.785899" lon="98.959017">
        <ele>324.25</ele>
      </trkpt>
      <trkpt lat="18.784488" lon="98.95851">
        <ele>324.18</ele>
      </trkpt>
      <trkpt lat="18.784293" lon="98.958454">
        <ele>324.15</ele>
      </trkpt>
      <trkpt lat="18.78407" lon="98.958423">
        <ele>324.02</ele>
      </trkpt>
      <trkpt lat="18.783541" lon="98.958409">
        <ele>324</ele>
      </trkpt>
      <trkpt lat="18.781799" lon="98.958393">
        <ele>324.51</ele>
      </trkpt>
      <trkpt lat="18.781465" lon="98.958399">
        <ele>325.41</ele>
      </trkpt>
      <trkpt lat="18.780095" lon="98.958396">
        <ele>324</ele>
      </trkpt>
      <trkpt lat="18.77985" lon="98.958376">
        <ele>324.34</ele>
      </trkpt>
      <trkpt lat="18.779568" lon="98.958342">
        <ele>324.31</ele>
      </trkpt>
      <trkpt lat="18.779347" lon="98.958264">
        <ele>324.71</ele>
      </trkpt>
      <trkpt lat="18.778967" lon="98.958089">
        <ele>324.94</ele>
      </trkpt>
      <trkpt lat="18.778787" lon="98.957942">
        <ele>324.34</ele>
      </trkpt>
      <trkpt lat="18.778657" lon="98.957821">
        <ele>324.33</ele>
      </trkpt>
      <trkpt lat="18.77856" lon="98.95771">
        <ele>324.41</ele>
      </trkpt>
      <trkpt lat="18.778438" lon="98.957547">
        <ele>325.07</ele>
      </trkpt>
      <trkpt lat="18.778324" lon="98.957349">
        <ele>325.89</ele>
      </trkpt>
      <trkpt lat="18.77824" lon="98.957146">
        <ele>325.74</ele>
      </trkpt>
      <trkpt lat="18.778149" lon="98.956877">
        <ele>325.21</ele>
      </trkpt>
      <trkpt lat="18.777912" lon="98.955877">
        <ele>324.14</ele>
      </trkpt>
      <trkpt lat="18.777552" lon="98.954414">
        <ele>326</ele>
      </trkpt>
      <trkpt lat="18.777503" lon="98.954277">
        <ele>326</ele>
      </trkpt>
      <trkpt lat="18.777438" lon="98.954131">
        <ele>325.81</ele>
      </trkpt>
      <trkpt lat="18.777341" lon="98.953959">
        <ele>325.19</ele>
      </trkpt>
      <trkpt lat="18.777235" lon="98.953813">
        <ele>325.01</ele>
      </trkpt>
      <trkpt lat="18.777105" lon="98.953676">
        <ele>324.33</ele>
      </trkpt>
      <trkpt lat="18.77694" lon="98.953522">
        <ele>324.13</ele>
      </trkpt>
      <trkpt lat="18.776683" lon="98.953332">
        <ele>325.02</ele>
      </trkpt>
      <trkpt lat="18.774861" lon="98.952139">
        <ele>323.06</ele>
      </trkpt>
      <trkpt lat="18.774732" lon="98.952064">
        <ele>323.05</ele>
      </trkpt>
      <trkpt lat="18.774202" lon="98.951805">
        <ele>323</ele>
      </trkpt>
      <trkpt lat="18.773936" lon="98.951693">
        <ele>323</ele>
      </trkpt>
      <trkpt lat="18.772873" lon="98.951395">
        <ele>324.06</ele>
      </trkpt>
      <trkpt lat="18.771957" lon="98.951142">
        <ele>323</ele>
      </trkpt>
      <trkpt lat="18.769151" lon="98.950329">
        <ele>323.34</ele>
      </trkpt>
      <trkpt lat="18.768824" lon="98.950217">
        <ele>323.98</ele>
      </trkpt>
      <trkpt lat="18.768548" lon="98.950088">
        <ele>323.68</ele>
      </trkpt>
      <trkpt lat="18.76841" lon="98.950002">
        <ele>323.71</ele>
      </trkpt>
      <trkpt lat="18.768239" lon="98.949882">
        <ele>323.01</ele>
      </trkpt>
      <trkpt lat="18.768044" lon="98.949728">
        <ele>323</ele>
      </trkpt>
      <trkpt lat="18.766912" lon="98.948628">
        <ele>322.5</ele>
      </trkpt>
      <trkpt lat="18.765364" lon="98.947092">
        <ele>323.79</ele>
      </trkpt>
      <trkpt lat="18.764788" lon="98.946502">
        <ele>323</ele>
      </trkpt>
      <trkpt lat="18.763927" lon="98.945666">
        <ele>323</ele>
      </trkpt>
      <trkpt lat="18.763404" lon="98.945144">
        <ele>322.08</ele>
      </trkpt>
      <trkpt lat="18.763274" lon="98.945033">
        <ele>322</ele>
      </trkpt>
      <trkpt lat="18.763168" lon="98.944955">
        <ele>322</ele>
      </trkpt>
      <trkpt lat="18.76307" lon="98.9449">
        <ele>322</ele>
      </trkpt>
      <trkpt lat="18.762859" lon="98.944835">
        <ele>322</ele>
      </trkpt>
      <trkpt lat="18.762705" lon="98.944809">
        <ele>322</ele>
      </trkpt>
      <trkpt lat="18.762039" lon="98.94473">
        <ele>322</ele>
      </trkpt>
      <trkpt lat="18.761708" lon="98.944703">
        <ele>322.07</ele>
      </trkpt>
      <trkpt lat="18.761477" lon="98.944655">
        <ele>322</ele>
      </trkpt>
      <trkpt lat="18.761152" lon="98.944552">
        <ele>322</ele>
      </trkpt>
      <trkpt lat="18.76099" lon="98.944466">
        <ele>322.48</ele>
      </trkpt>
      <trkpt lat="18.759722" lon="98.943634">
        <ele>323</ele>
      </trkpt>
      <trkpt lat="18.759516" lon="98.943531">
        <ele>323</ele>
      </trkpt>
      <trkpt lat="18.759375" lon="98.943475">
        <ele>323</ele>
      </trkpt>
      <trkpt lat="18.759221" lon="98.943424">
        <ele>323</ele>
      </trkpt>
      <trkpt lat="18.75907" lon="98.943405">
        <ele>323</ele>
      </trkpt>
      <trkpt lat="18.758869" lon="98.943394">
        <ele>323</ele>
      </trkpt>
      <trkpt lat="18.75864" lon="98.943401">
        <ele>323.3</ele>
      </trkpt>
      <trkpt lat="18.757598" lon="98.943495">
        <ele>322.94</ele>
      </trkpt>
      <trkpt lat="18.757369" lon="98.94348">
        <ele>322.79</ele>
      </trkpt>
      <trkpt lat="18.757294" lon="98.943467">
        <ele>322.71</ele>
      </trkpt>
      <trkpt lat="18.757166" lon="98.943429">
        <ele>322.65</ele>
      </trkpt>
      <trkpt lat="18.757088" lon="98.943398">
        <ele>322.95</ele>
      </trkpt>
      <trkpt lat="18.756992" lon="98.943331">
        <ele>323</ele>
      </trkpt>
      <trkpt lat="18.756861" lon="98.94322">
        <ele>323.03</ele>
      </trkpt>
      <trkpt lat="18.756743" lon="98.943071">
        <ele>323.75</ele>
      </trkpt>
      <trkpt lat="18.756666" lon="98.942935">
        <ele>323.71</ele>
      </trkpt>
      <trkpt lat="18.756619" lon="98.942741">
        <ele>323.76</ele>
      </trkpt>
      <trkpt lat="18.756594" lon="98.942527">
        <ele>324</ele>
      </trkpt>
      <trkpt lat="18.756586" lon="98.942152">
        <ele>324.71</ele>
      </trkpt>
      <trkpt lat="18.756559" lon="98.941689">
        <ele>324</ele>
      </trkpt>
      <trkpt lat="18.756344" lon="98.94172">
        <ele>324</ele>
      </trkpt>
      <trkpt lat="18.75623" lon="98.941745">
        <ele>323.71</ele>
      </trkpt>
      <trkpt lat="18.756344" lon="98.94172">
        <ele>324</ele>
      </trkpt>
      <trkpt lat="18.756559" lon="98.941689">
        <ele>324</ele>
      </trkpt>
      <trkpt lat="18.756539" lon="98.941501">
        <ele>324</ele>
      </trkpt>
      <trkpt lat="18.756507" lon="98.941397">
        <ele>323.94</ele>
      </trkpt>
      <trkpt lat="18.756452" lon="98.941309">
        <ele>323.55</ele>
      </trkpt>
      <trkpt lat="18.756366" lon="98.941222">
        <ele>323</ele>
      </trkpt>
      <trkpt lat="18.756227" lon="98.941119">
        <ele>323</ele>
      </trkpt>
      <trkpt lat="18.75613" lon="98.941076">
        <ele>323</ele>
      </trkpt>
      <trkpt lat="18.755964" lon="98.941045">
        <ele>323</ele>
      </trkpt>
      <trkpt lat="18.75583" lon="98.941038">
        <ele>323</ele>
      </trkpt>
      <trkpt lat="18.755707" lon="98.941059">
        <ele>323</ele>
      </trkpt>
      <trkpt lat="18.755142" lon="98.941218">
        <ele>322.85</ele>
      </trkpt>
      <trkpt lat="18.754667" lon="98.941365">
        <ele>322.51</ele>
      </trkpt>
      <trkpt lat="18.754597" lon="98.941111">
        <ele>323.98</ele>
      </trkpt>
      <trkpt lat="18.754972" lon="98.941">
        <ele>324.26</ele>
      </trkpt>
      <trkpt lat="18.755723" lon="98.940759">
        <ele>324.03</ele>
      </trkpt>
      <trkpt lat="18.755922" lon="98.94074">
        <ele>324.14</ele>
      </trkpt>
      <trkpt lat="18.756049" lon="98.940755">
        <ele>324.05</ele>
      </trkpt>
      <trkpt lat="18.756164" lon="98.940773">
        <ele>323.95</ele>
      </trkpt>
      <trkpt lat="18.756303" lon="98.940828">
        <ele>324.18</ele>
      </trkpt>
      <trkpt lat="18.756394" lon="98.940883">
        <ele>324.42</ele>
      </trkpt>
      <trkpt lat="18.756499" lon="98.940972">
        <ele>324.54</ele>
      </trkpt>
      <trkpt lat="18.756623" lon="98.941108">
        <ele>324.51</ele>
      </trkpt>
      <trkpt lat="18.756702" lon="98.941221">
        <ele>324.34</ele>
      </trkpt>
      <trkpt lat="18.756773" lon="98.941357">
        <ele>324.43</ele>
      </trkpt>
      <trkpt lat="18.756826" lon="98.941588">
        <ele>324.76</ele>
      </trkpt>
      <trkpt lat="18.756847" lon="98.94172">
        <ele>324.89</ele>
      </trkpt>
      <trkpt lat="18.756861" lon="98.942029">
        <ele>324.98</ele>
      </trkpt>
      <trkpt lat="18.756922" lon="98.942058">
        <ele>325</ele>
      </trkpt>
      <trkpt lat="18.756984" lon="98.942078">
        <ele>325</ele>
      </trkpt>
      <trkpt lat="18.75717" lon="98.942081">
        <ele>325.87</ele>
      </trkpt>
      <trkpt lat="18.757362" lon="98.942037">
        <ele>326</ele>
      </trkpt>
      <trkpt lat="18.757481" lon="98.941997">
        <ele>326</ele>
      </trkpt>
      <trkpt lat="18.757693" lon="98.941882">
        <ele>326</ele>
      </trkpt>
      <trkpt lat="18.757765" lon="98.941815">
        <ele>326</ele>
      </trkpt>
      <trkpt lat="18.757815" lon="98.941749">
        <ele>326</ele>
      </trkpt>
      <trkpt lat="18.757866" lon="98.941662">
        <ele>326.11</ele>
      </trkpt>
      <trkpt lat="18.758052" lon="98.941279">
        <ele>326.29</ele>
      </trkpt>
      <trkpt lat="18.758626" lon="98.939985">
        <ele>328.81</ele>
      </trkpt>
      <trkpt lat="18.758776" lon="98.93967">
        <ele>328.9</ele>
      </trkpt>
      <trkpt lat="18.759108" lon="98.938888">
        <ele>329</ele>
      </trkpt>
      <trkpt lat="18.759219" lon="98.938623">
        <ele>330.45</ele>
      </trkpt>
      <trkpt lat="18.759483" lon="98.938049">
        <ele>332</ele>
      </trkpt>
      <trkpt lat="18.759593" lon="98.937886">
        <ele>332.55</ele>
      </trkpt>
      <trkpt lat="18.759688" lon="98.93781">
        <ele>333.06</ele>
      </trkpt>
      <trkpt lat="18.759967" lon="98.937681">
        <ele>334</ele>
      </trkpt>
      <trkpt lat="18.760117" lon="98.937584">
        <ele>334.49</ele>
      </trkpt>
      <trkpt lat="18.760198" lon="98.937474">
        <ele>335</ele>
      </trkpt>
      <trkpt lat="18.760283" lon="98.9373">
        <ele>335.14</ele>
      </trkpt>
      <trkpt lat="18.760671" lon="98.936384">
        <ele>337.37</ele>
      </trkpt>
      <trkpt lat="18.761159" lon="98.935315">
        <ele>337.57</ele>
      </trkpt>
      <trkpt lat="18.761541" lon="98.934371">
        <ele>338.17</ele>
      </trkpt>
      <trkpt lat="18.761573" lon="98.934331">
        <ele>338.41</ele>
      </trkpt>
      <trkpt lat="18.7618" lon="98.934195">
        <ele>337.89</ele>
      </trkpt>
      <trkpt lat="18.761916" lon="98.934048">
        <ele>338.04</ele>
      </trkpt>
      <trkpt lat="18.761997" lon="98.933971">
        <ele>338.24</ele>
      </trkpt>
      <trkpt lat="18.762168" lon="98.93376">
        <ele>339.16</ele>
      </trkpt>
      <trkpt lat="18.762216" lon="98.93366">
        <ele>339.49</ele>
      </trkpt>
      <trkpt lat="18.762249" lon="98.933556">
        <ele>339.8</ele>
      </trkpt>
      <trkpt lat="18.762251" lon="98.933396">
        <ele>340.7</ele>
      </trkpt>
      <trkpt lat="18.762219" lon="98.933301">
        <ele>341.6</ele>
      </trkpt>
      <trkpt lat="18.762084" lon="98.933027">
        <ele>342.95</ele>
      </trkpt>
      <trkpt lat="18.761879" lon="98.932738">
        <ele>343.22</ele>
      </trkpt>
      <trkpt lat="18.761759" lon="98.932601">
        <ele>343.49</ele>
      </trkpt>
      <trkpt lat="18.761669" lon="98.93246">
        <ele>343.36</ele>
      </trkpt>
      <trkpt lat="18.761642" lon="98.932394">
        <ele>343.23</ele>
      </trkpt>
      <trkpt lat="18.761777" lon="98.932354">
        <ele>342.84</ele>
      </trkpt>
      <trkpt lat="18.76197" lon="98.932266">
        <ele>341.39</ele>
      </trkpt>
      <trkpt lat="18.762207" lon="98.932085">
        <ele>340.11</ele>
      </trkpt>
      <trkpt lat="18.763441" lon="98.931155">
        <ele>343</ele>
      </trkpt>
      <trkpt lat="18.763788" lon="98.930915">
        <ele>343</ele>
      </trkpt>
      <trkpt lat="18.764267" lon="98.930533">
        <ele>344.71</ele>
      </trkpt>
      <trkpt lat="18.763077" lon="98.928847">
        <ele>345.24</ele>
      </trkpt>
      <trkpt lat="18.762375" lon="98.927856">
        <ele>343.05</ele>
      </trkpt>
      <trkpt lat="18.762127" lon="98.927413">
        <ele>345.99</ele>
      </trkpt>
      <trkpt lat="18.762144" lon="98.92733">
        <ele>347.28</ele>
      </trkpt>
      <trkpt lat="18.7622" lon="98.927156">
        <ele>349.48</ele>
      </trkpt>
      <trkpt lat="18.762233" lon="98.927001">
        <ele>351.08</ele>
      </trkpt>
      <trkpt lat="18.762233" lon="98.926924">
        <ele>351.97</ele>
      </trkpt>
      <trkpt lat="18.762217" lon="98.926838">
        <ele>353.07</ele>
      </trkpt>
      <trkpt lat="18.762152" lon="98.926658">
        <ele>355.57</ele>
      </trkpt>
      <trkpt lat="18.762103" lon="98.926581">
        <ele>356.77</ele>
      </trkpt>
      <trkpt lat="18.761525" lon="98.925741">
        <ele>359</ele>
      </trkpt>
      <trkpt lat="18.761183" lon="98.925244">
        <ele>363.24</ele>
      </trkpt>
      <trkpt lat="18.761076" lon="98.925002">
        <ele>364.55</ele>
      </trkpt>
      <trkpt lat="18.761033" lon="98.924747">
        <ele>363.59</ele>
      </trkpt>
      <trkpt lat="18.76103" lon="98.923905">
        <ele>358.99</ele>
      </trkpt>
      <trkpt lat="18.761014" lon="98.923759">
        <ele>358.54</ele>
      </trkpt>
      <trkpt lat="18.760977" lon="98.923605">
        <ele>358.44</ele>
      </trkpt>
      <trkpt lat="18.76083" lon="98.923232">
        <ele>357.35</ele>
      </trkpt>
      <trkpt lat="18.760713" lon="98.922813">
        <ele>353.76</ele>
      </trkpt>
      <trkpt lat="18.760632" lon="98.922392">
        <ele>352.84</ele>
      </trkpt>
      <trkpt lat="18.760632" lon="98.921954">
        <ele>352.48</ele>
      </trkpt>
      <trkpt lat="18.760664" lon="98.921714">
        <ele>352.27</ele>
      </trkpt>
      <trkpt lat="18.760754" lon="98.921328">
        <ele>353.01</ele>
      </trkpt>
      <trkpt lat="18.760791" lon="98.92122">
        <ele>353.65</ele>
      </trkpt>
      <trkpt lat="18.760867" lon="98.92105">
        <ele>354.37</ele>
      </trkpt>
      <trkpt lat="18.761027" lon="98.920765">
        <ele>355</ele>
      </trkpt>
      <trkpt lat="18.761124" lon="98.920619">
        <ele>354.42</ele>
      </trkpt>
      <trkpt lat="18.761238" lon="98.92049">
        <ele>354.07</ele>
      </trkpt>
      <trkpt lat="18.761431" lon="98.920329">
        <ele>354.94</ele>
      </trkpt>
      <trkpt lat="18.761553" lon="98.92026">
        <ele>356.93</ele>
      </trkpt>
      <trkpt lat="18.76174" lon="98.920191">
        <ele>358.99</ele>
      </trkpt>
      <trkpt lat="18.762032" lon="98.920114">
        <ele>361.27</ele>
      </trkpt>
      <trkpt lat="18.762227" lon="98.92008">
        <ele>364.54</ele>
      </trkpt>
      <trkpt lat="18.762455" lon="98.919994">
        <ele>365.59</ele>
      </trkpt>
      <trkpt lat="18.762536" lon="98.919951">
        <ele>365.03</ele>
      </trkpt>
      <trkpt lat="18.762601" lon="98.919891">
        <ele>363.45</ele>
      </trkpt>
      <trkpt lat="18.762701" lon="98.919747">
        <ele>358.17</ele>
      </trkpt>
      <trkpt lat="18.762756" lon="98.919513">
        <ele>353.02</ele>
      </trkpt>
      <trkpt lat="18.762764" lon="98.91929">
        <ele>350.84</ele>
      </trkpt>
      <trkpt lat="18.762756" lon="98.918835">
        <ele>350.25</ele>
      </trkpt>
      <trkpt lat="18.762715" lon="98.918492">
        <ele>351.66</ele>
      </trkpt>
      <trkpt lat="18.762634" lon="98.918243">
        <ele>351.62</ele>
      </trkpt>
      <trkpt lat="18.76252" lon="98.91802">
        <ele>350.19</ele>
      </trkpt>
      <trkpt lat="18.762455" lon="98.91784">
        <ele>350.25</ele>
      </trkpt>
      <trkpt lat="18.762214" lon="98.916788">
        <ele>353.79</ele>
      </trkpt>
      <trkpt lat="18.761919" lon="98.916046">
        <ele>353.39</ele>
      </trkpt>
      <trkpt lat="18.76178" lon="98.91584">
        <ele>352.06</ele>
      </trkpt>
      <trkpt lat="18.761333" lon="98.915325">
        <ele>350.3</ele>
      </trkpt>
      <trkpt lat="18.76126" lon="98.915213">
        <ele>351.66</ele>
      </trkpt>
      <trkpt lat="18.761147" lon="98.914982">
        <ele>354.87</ele>
      </trkpt>
      <trkpt lat="18.761057" lon="98.914621">
        <ele>359.69</ele>
      </trkpt>
      <trkpt lat="18.761008" lon="98.914544">
        <ele>359.68</ele>
      </trkpt>
      <trkpt lat="18.76083" lon="98.914355">
        <ele>355.63</ele>
      </trkpt>
      <trkpt lat="18.760724" lon="98.914278">
        <ele>353.08</ele>
      </trkpt>
      <trkpt lat="18.760618" lon="98.914209">
        <ele>352.7</ele>
      </trkpt>
      <trkpt lat="18.760098" lon="98.913947">
        <ele>361.48</ele>
      </trkpt>
      <trkpt lat="18.760001" lon="98.913849">
        <ele>361.73</ele>
      </trkpt>
      <trkpt lat="18.759911" lon="98.913668">
        <ele>360.44</ele>
      </trkpt>
      <trkpt lat="18.759871" lon="98.913231">
        <ele>360.81</ele>
      </trkpt>
      <trkpt lat="18.759741" lon="98.912879">
        <ele>360.36</ele>
      </trkpt>
      <trkpt lat="18.759659" lon="98.912535">
        <ele>361.65</ele>
      </trkpt>
      <trkpt lat="18.759594" lon="98.912347">
        <ele>361.2</ele>
      </trkpt>
      <trkpt lat="18.759513" lon="98.912201">
        <ele>360.77</ele>
      </trkpt>
      <trkpt lat="18.759391" lon="98.912046">
        <ele>358.97</ele>
      </trkpt>
      <trkpt lat="18.759253" lon="98.911892">
        <ele>356.08</ele>
      </trkpt>
      <trkpt lat="18.759115" lon="98.911703">
        <ele>354.38</ele>
      </trkpt>
      <trkpt lat="18.758944" lon="98.91148">
        <ele>357.09</ele>
      </trkpt>
      <trkpt lat="18.75882" lon="98.911303">
        <ele>358.45</ele>
      </trkpt>
      <trkpt lat="18.758634" lon="98.911194">
        <ele>356.67</ele>
      </trkpt>
      <trkpt lat="18.758308" lon="98.911045">
        <ele>352.81</ele>
      </trkpt>
      <trkpt lat="18.758072" lon="98.910899">
        <ele>352.12</ele>
      </trkpt>
      <trkpt lat="18.757948" lon="98.910795">
        <ele>351.67</ele>
      </trkpt>
      <trkpt lat="18.757844" lon="98.910676">
        <ele>352.16</ele>
      </trkpt>
      <trkpt lat="18.757763" lon="98.910565">
        <ele>354.25</ele>
      </trkpt>
      <trkpt lat="18.757739" lon="98.910513">
        <ele>354.7</ele>
      </trkpt>
      <trkpt lat="18.757706" lon="98.91041">
        <ele>354.98</ele>
      </trkpt>
      <trkpt lat="18.757666" lon="98.910067">
        <ele>355.17</ele>
      </trkpt>
      <trkpt lat="18.757666" lon="98.909423">
        <ele>356.73</ele>
      </trkpt>
      <trkpt lat="18.757698" lon="98.909106">
        <ele>357.67</ele>
      </trkpt>
      <trkpt lat="18.757706" lon="98.908848">
        <ele>357.77</ele>
      </trkpt>
      <trkpt lat="18.757666" lon="98.908668">
        <ele>358.29</ele>
      </trkpt>
      <trkpt lat="18.757576" lon="98.908393">
        <ele>358.64</ele>
      </trkpt>
      <trkpt lat="18.757519" lon="98.908153">
        <ele>359.59</ele>
      </trkpt>
      <trkpt lat="18.757487" lon="98.90793">
        <ele>361.45</ele>
      </trkpt>
      <trkpt lat="18.757355" lon="98.907409">
        <ele>361.05</ele>
      </trkpt>
      <trkpt lat="18.757284" lon="98.907226">
        <ele>359.88</ele>
      </trkpt>
      <trkpt lat="18.757235" lon="98.907132">
        <ele>359.53</ele>
      </trkpt>
      <trkpt lat="18.757113" lon="98.906951">
        <ele>359.09</ele>
      </trkpt>
      <trkpt lat="18.756975" lon="98.906788">
        <ele>359.06</ele>
      </trkpt>
      <trkpt lat="18.756747" lon="98.906608">
        <ele>362.19</ele>
      </trkpt>
      <trkpt lat="18.756617" lon="98.906531">
        <ele>362.99</ele>
      </trkpt>
      <trkpt lat="18.756511" lon="98.906453">
        <ele>363.38</ele>
      </trkpt>
      <trkpt lat="18.756373" lon="98.906299">
        <ele>363.66</ele>
      </trkpt>
      <trkpt lat="18.7563" lon="98.906136">
        <ele>363.61</ele>
      </trkpt>
      <trkpt lat="18.756276" lon="98.906059">
        <ele>363.46</ele>
      </trkpt>
      <trkpt lat="18.756178" lon="98.905827">
        <ele>364.94</ele>
      </trkpt>
      <trkpt lat="18.756097" lon="98.905707">
        <ele>366.51</ele>
      </trkpt>
      <trkpt lat="18.755959" lon="98.905552">
        <ele>367.88</ele>
      </trkpt>
      <trkpt lat="18.755918" lon="98.905492">
        <ele>367.76</ele>
      </trkpt>
      <trkpt lat="18.755869" lon="98.905363">
        <ele>367.54</ele>
      </trkpt>
      <trkpt lat="18.755829" lon="98.905226">
        <ele>367.47</ele>
      </trkpt>
      <trkpt lat="18.755788" lon="98.905029">
        <ele>367.07</ele>
      </trkpt>
      <trkpt lat="18.75578" lon="98.904909">
        <ele>366.83</ele>
      </trkpt>
      <trkpt lat="18.755788" lon="98.904728">
        <ele>366.25</ele>
      </trkpt>
      <trkpt lat="18.755788" lon="98.904454">
        <ele>365.39</ele>
      </trkpt>
      <trkpt lat="18.755764" lon="98.904299">
        <ele>365.29</ele>
      </trkpt>
      <trkpt lat="18.755739" lon="98.904196">
        <ele>365.79</ele>
      </trkpt>
      <trkpt lat="18.755699" lon="98.904076">
        <ele>366.13</ele>
      </trkpt>
      <trkpt lat="18.755609" lon="98.903879">
        <ele>365.84</ele>
      </trkpt>
      <trkpt lat="18.755487" lon="98.903673">
        <ele>366.83</ele>
      </trkpt>
      <trkpt lat="18.755333" lon="98.903467">
        <ele>369.84</ele>
      </trkpt>
      <trkpt lat="18.755268" lon="98.903321">
        <ele>370.1</ele>
      </trkpt>
      <trkpt lat="18.755195" lon="98.903132">
        <ele>371.1</ele>
      </trkpt>
      <trkpt lat="18.755065" lon="98.902651">
        <ele>373.06</ele>
      </trkpt>
      <trkpt lat="18.755" lon="98.902488">
        <ele>373.45</ele>
      </trkpt>
      <trkpt lat="18.754593" lon="98.901681">
        <ele>372.33</ele>
      </trkpt>
      <trkpt lat="18.754472" lon="98.901467">
        <ele>372.3</ele>
      </trkpt>
      <trkpt lat="18.753789" lon="98.900548">
        <ele>372.89</ele>
      </trkpt>
      <trkpt lat="18.753667" lon="98.900357">
        <ele>373.31</ele>
      </trkpt>
      <trkpt lat="18.753569" lon="98.900231">
        <ele>374.79</ele>
      </trkpt>
      <trkpt lat="18.753439" lon="98.89999">
        <ele>376.14</ele>
      </trkpt>
      <trkpt lat="18.75322" lon="98.899398">
        <ele>381.65</ele>
      </trkpt>
      <trkpt lat="18.753147" lon="98.899141">
        <ele>385.67</ele>
      </trkpt>
      <trkpt lat="18.753122" lon="98.898969">
        <ele>389.94</ele>
      </trkpt>
      <trkpt lat="18.753106" lon="98.89872">
        <ele>394.81</ele>
      </trkpt>
      <trkpt lat="18.75309" lon="98.898643">
        <ele>395.78</ele>
      </trkpt>
      <trkpt lat="18.753057" lon="98.898574">
        <ele>397.08</ele>
      </trkpt>
      <trkpt lat="18.752984" lon="98.898514">
        <ele>399.26</ele>
      </trkpt>
      <trkpt lat="18.75274" lon="98.898411">
        <ele>405.06</ele>
      </trkpt>
      <trkpt lat="18.752383" lon="98.898334">
        <ele>411.88</ele>
      </trkpt>
      <trkpt lat="18.752269" lon="98.898291">
        <ele>413.72</ele>
      </trkpt>
      <trkpt lat="18.752123" lon="98.898197">
        <ele>416.42</ele>
      </trkpt>
      <trkpt lat="18.751936" lon="98.898033">
        <ele>419.57</ele>
      </trkpt>
      <trkpt lat="18.751789" lon="98.897879">
        <ele>420.28</ele>
      </trkpt>
      <trkpt lat="18.751643" lon="98.897699">
        <ele>421.49</ele>
      </trkpt>
      <trkpt lat="18.75157" lon="98.89757">
        <ele>422.84</ele>
      </trkpt>
      <trkpt lat="18.751521" lon="98.897441">
        <ele>424.74</ele>
      </trkpt>
      <trkpt lat="18.751497" lon="98.897295">
        <ele>426.43</ele>
      </trkpt>
      <trkpt lat="18.751481" lon="98.897141">
        <ele>427.79</ele>
      </trkpt>
      <trkpt lat="18.751456" lon="98.896789">
        <ele>430.31</ele>
      </trkpt>
      <trkpt lat="18.751424" lon="98.8966">
        <ele>431.69</ele>
      </trkpt>
      <trkpt lat="18.751383" lon="98.896446">
        <ele>433.22</ele>
      </trkpt>
      <trkpt lat="18.751318" lon="98.896283">
        <ele>435.28</ele>
      </trkpt>
      <trkpt lat="18.751253" lon="98.896171">
        <ele>436.56</ele>
      </trkpt>
      <trkpt lat="18.751082" lon="98.895991">
        <ele>437.31</ele>
      </trkpt>
      <trkpt lat="18.751025" lon="98.895888">
        <ele>437.26</ele>
      </trkpt>
      <trkpt lat="18.750887" lon="98.895607">
        <ele>437.3</ele>
      </trkpt>
      <trkpt lat="18.750838" lon="98.89547">
        <ele>437.32</ele>
      </trkpt>
      <trkpt lat="18.750765" lon="98.895298">
        <ele>435.76</ele>
      </trkpt>
      <trkpt lat="18.750725" lon="98.895103">
        <ele>434.22</ele>
      </trkpt>
      <trkpt lat="18.75074" lon="98.894825">
        <ele>433.32</ele>
      </trkpt>
      <trkpt lat="18.750773" lon="98.894688">
        <ele>433.59</ele>
      </trkpt>
      <trkpt lat="18.750823" lon="98.894537">
        <ele>435.35</ele>
      </trkpt>
      <trkpt lat="18.75083" lon="98.894431">
        <ele>435.15</ele>
      </trkpt>
      <trkpt lat="18.750714" lon="98.894099">
        <ele>429.09</ele>
      </trkpt>
      <trkpt lat="18.750511" lon="98.893713">
        <ele>422.01</ele>
      </trkpt>
      <trkpt lat="18.750429" lon="98.893516">
        <ele>420.11</ele>
      </trkpt>
      <trkpt lat="18.750424" lon="98.893455">
        <ele>420.26</ele>
      </trkpt>
      <trkpt lat="18.750468" lon="98.893305">
        <ele>421.61</ele>
      </trkpt>
      <trkpt lat="18.750543" lon="98.893124">
        <ele>421.77</ele>
      </trkpt>
      <trkpt lat="18.75052" lon="98.892948">
        <ele>419.2</ele>
      </trkpt>
      <trkpt lat="18.750177" lon="98.89246">
        <ele>411.67</ele>
      </trkpt>
      <trkpt lat="18.750095" lon="98.892306">
        <ele>408.43</ele>
      </trkpt>
      <trkpt lat="18.75006" lon="98.892156">
        <ele>405.73</ele>
      </trkpt>
      <trkpt lat="18.750073" lon="98.892037">
        <ele>404.27</ele>
      </trkpt>
      <trkpt lat="18.750107" lon="98.89195">
        <ele>403.6</ele>
      </trkpt>
      <trkpt lat="18.750213" lon="98.891792">
        <ele>403.58</ele>
      </trkpt>
      <trkpt lat="18.750424" lon="98.891538">
        <ele>404.66</ele>
      </trkpt>
      <trkpt lat="18.750595" lon="98.891272">
        <ele>401.88</ele>
      </trkpt>
      <trkpt lat="18.750725" lon="98.891144">
        <ele>400.46</ele>
      </trkpt>
      <trkpt lat="18.750838" lon="98.891049">
        <ele>398.73</ele>
      </trkpt>
      <trkpt lat="18.751077" lon="98.890982">
        <ele>394.05</ele>
      </trkpt>
      <trkpt lat="18.751295" lon="98.891028">
        <ele>390.79</ele>
      </trkpt>
      <trkpt lat="18.751359" lon="98.891088">
        <ele>390.9</ele>
      </trkpt>
      <trkpt lat="18.751555" lon="98.891312">
        <ele>391.04</ele>
      </trkpt>
      <trkpt lat="18.751728" lon="98.891548">
        <ele>395.07</ele>
      </trkpt>
      <trkpt lat="18.751826" lon="98.891641">
        <ele>397.79</ele>
      </trkpt>
      <trkpt lat="18.751883" lon="98.891677">
        <ele>399.39</ele>
      </trkpt>
      <trkpt lat="18.751954" lon="98.891694">
        <ele>400.19</ele>
      </trkpt>
      <trkpt lat="18.751987" lon="98.891697">
        <ele>400.45</ele>
      </trkpt>
      <trkpt lat="18.752023" lon="98.891676">
        <ele>400.46</ele>
      </trkpt>
      <trkpt lat="18.752027" lon="98.891652">
        <ele>399.82</ele>
      </trkpt>
      <trkpt lat="18.752022" lon="98.891624">
        <ele>398.85</ele>
      </trkpt>
      <trkpt lat="18.752004" lon="98.891578">
        <ele>396.9</ele>
      </trkpt>
      <trkpt lat="18.751916" lon="98.891415">
        <ele>390.86</ele>
      </trkpt>
      <trkpt lat="18.75187" lon="98.891278">
        <ele>387.66</ele>
      </trkpt>
      <trkpt lat="18.751792" lon="98.890765">
        <ele>381.18</ele>
      </trkpt>
      <trkpt lat="18.751783" lon="98.890677">
        <ele>380.68</ele>
      </trkpt>
      <trkpt lat="18.751794" lon="98.89053">
        <ele>380.77</ele>
      </trkpt>
      <trkpt lat="18.751822" lon="98.890414">
        <ele>380.82</ele>
      </trkpt>
      <trkpt lat="18.751895" lon="98.890294">
        <ele>382.83</ele>
      </trkpt>
      <trkpt lat="18.752003" lon="98.89013">
        <ele>383.46</ele>
      </trkpt>
      <trkpt lat="18.752087" lon="98.889952">
        <ele>379.77</ele>
      </trkpt>
      <trkpt lat="18.75217" lon="98.889749">
        <ele>376.45</ele>
      </trkpt>
      <trkpt lat="18.752282" lon="98.889518">
        <ele>374.5</ele>
      </trkpt>
      <trkpt lat="18.752328" lon="98.889372">
        <ele>371.3</ele>
      </trkpt>
      <trkpt lat="18.752318" lon="98.889187">
        <ele>366.66</ele>
      </trkpt>
      <trkpt lat="18.752294" lon="98.889092">
        <ele>365.04</ele>
      </trkpt>
      <trkpt lat="18.752262" lon="98.889039">
        <ele>364.2</ele>
      </trkpt>
      <trkpt lat="18.752309" lon="98.88896">
        <ele>363.83</ele>
      </trkpt>
      <trkpt lat="18.752342" lon="98.888766">
        <ele>362.68</ele>
      </trkpt>
      <trkpt lat="18.752366" lon="98.888672">
        <ele>362.13</ele>
      </trkpt>
      <trkpt lat="18.752431" lon="98.888543">
        <ele>361.38</ele>
      </trkpt>
      <trkpt lat="18.752571" lon="98.888347">
        <ele>361.64</ele>
      </trkpt>
      <trkpt lat="18.752692" lon="98.888268">
        <ele>362.37</ele>
      </trkpt>
      <trkpt lat="18.75283" lon="98.888225">
        <ele>363.22</ele>
      </trkpt>
      <trkpt lat="18.753117" lon="98.888093">
        <ele>364</ele>
      </trkpt>
      <trkpt lat="18.753347" lon="98.887953">
        <ele>365.42</ele>
      </trkpt>
      <trkpt lat="18.753608" lon="98.887665">
        <ele>367.28</ele>
      </trkpt>
      <trkpt lat="18.75431" lon="98.886896">
        <ele>367</ele>
      </trkpt>
      <trkpt lat="18.754647" lon="98.886568">
        <ele>367.04</ele>
      </trkpt>
      <trkpt lat="18.755405" lon="98.885983">
        <ele>372.54</ele>
      </trkpt>
      <trkpt lat="18.755723" lon="98.885723">
        <ele>376.02</ele>
      </trkpt>
      <trkpt lat="18.755907" lon="98.885547">
        <ele>378.18</ele>
      </trkpt>
      <trkpt lat="18.75599" lon="98.885437">
        <ele>379.56</ele>
      </trkpt>
      <trkpt lat="18.756017" lon="98.885378">
        <ele>380.02</ele>
      </trkpt>
      <trkpt lat="18.756031" lon="98.885288">
        <ele>380.54</ele>
      </trkpt>
      <trkpt lat="18.756031" lon="98.8852">
        <ele>381</ele>
      </trkpt>
      <trkpt lat="18.756004" lon="98.885139">
        <ele>381</ele>
      </trkpt>
      <trkpt lat="18.755929" lon="98.885041">
        <ele>381</ele>
      </trkpt>
      <trkpt lat="18.755821" lon="98.884986">
        <ele>380.59</ele>
      </trkpt>
      <trkpt lat="18.755669" lon="98.88494">
        <ele>379.46</ele>
      </trkpt>
      <trkpt lat="18.755503" lon="98.884903">
        <ele>377.78</ele>
      </trkpt>
      <trkpt lat="18.755146" lon="98.884851">
        <ele>375.57</ele>
      </trkpt>
      <trkpt lat="18.755148" lon="98.885055">
        <ele>374.66</ele>
      </trkpt>
      <trkpt lat="18.755146" lon="98.884851">
        <ele>375.57</ele>
      </trkpt>
      <trkpt lat="18.754666" lon="98.884853">
        <ele>375.66</ele>
      </trkpt>
      <trkpt lat="18.754432" lon="98.884851">
        <ele>374.23</ele>
      </trkpt>
      <trkpt lat="18.754314" lon="98.884823">
        <ele>373.83</ele>
      </trkpt>
      <trkpt lat="18.753835" lon="98.884633">
        <ele>372.04</ele>
      </trkpt>
      <trkpt lat="18.753468" lon="98.884383">
        <ele>372.61</ele>
      </trkpt>
      <trkpt lat="18.753306" lon="98.884241">
        <ele>373.04</ele>
      </trkpt>
      <trkpt lat="18.753153" lon="98.884004">
        <ele>374.84</ele>
      </trkpt>
      <trkpt lat="18.752997" lon="98.883623">
        <ele>377.24</ele>
      </trkpt>
      <trkpt lat="18.752947" lon="98.883417">
        <ele>378.61</ele>
      </trkpt>
      <trkpt lat="18.752943" lon="98.883243">
        <ele>380.1</ele>
      </trkpt>
      <trkpt lat="18.752982" lon="98.883078">
        <ele>381.47</ele>
      </trkpt>
      <trkpt lat="18.753047" lon="98.882965">
        <ele>382.6</ele>
      </trkpt>
      <trkpt lat="18.753145" lon="98.882868">
        <ele>383.77</ele>
      </trkpt>
      <trkpt lat="18.753285" lon="98.882786">
        <ele>384.87</ele>
      </trkpt>
      <trkpt lat="18.753452" lon="98.88272">
        <ele>386.62</ele>
      </trkpt>
      <trkpt lat="18.753669" lon="98.882661">
        <ele>386.55</ele>
      </trkpt>
      <trkpt lat="18.753836" lon="98.88268">
        <ele>386.61</ele>
      </trkpt>
      <trkpt lat="18.75407" lon="98.882764">
        <ele>387.94</ele>
      </trkpt>
      <trkpt lat="18.754305" lon="98.882847">
        <ele>392.22</ele>
      </trkpt>
      <trkpt lat="18.754406" lon="98.882859">
        <ele>394.14</ele>
      </trkpt>
      <trkpt lat="18.754475" lon="98.882838">
        <ele>395.07</ele>
      </trkpt>
      <trkpt lat="18.754538" lon="98.882788">
        <ele>395.17</ele>
      </trkpt>
      <trkpt lat="18.754573" lon="98.882739">
        <ele>394.81</ele>
      </trkpt>
      <trkpt lat="18.754595" lon="98.882667">
        <ele>393.65</ele>
      </trkpt>
      <trkpt lat="18.754591" lon="98.882479">
        <ele>389.66</ele>
      </trkpt>
      <trkpt lat="18.754603" lon="98.882369">
        <ele>388.21</ele>
      </trkpt>
      <trkpt lat="18.754648" lon="98.882251">
        <ele>387.59</ele>
      </trkpt>
      <trkpt lat="18.754759" lon="98.882111">
        <ele>387.42</ele>
      </trkpt>
      <trkpt lat="18.754866" lon="98.882019">
        <ele>389.65</ele>
      </trkpt>
      <trkpt lat="18.754934" lon="98.881934">
        <ele>389.84</ele>
      </trkpt>
      <trkpt lat="18.754999" lon="98.881753">
        <ele>388.44</ele>
      </trkpt>
      <trkpt lat="18.755081" lon="98.881433">
        <ele>385.51</ele>
      </trkpt>
      <trkpt lat="18.755138" lon="98.88127">
        <ele>385.28</ele>
      </trkpt>
      <trkpt lat="18.75522" lon="98.881106">
        <ele>385.02</ele>
      </trkpt>
      <trkpt lat="18.75539" lon="98.880953">
        <ele>389.25</ele>
      </trkpt>
      <trkpt lat="18.755531" lon="98.880859">
        <ele>391.25</ele>
      </trkpt>
      <trkpt lat="18.755732" lon="98.880766">
        <ele>391.48</ele>
      </trkpt>
      <trkpt lat="18.75587" lon="98.880739">
        <ele>390.17</ele>
      </trkpt>
      <trkpt lat="18.755989" lon="98.880758">
        <ele>388.82</ele>
      </trkpt>
      <trkpt lat="18.756341" lon="98.880877">
        <ele>386.53</ele>
      </trkpt>
      <trkpt lat="18.756423" lon="98.880893">
        <ele>385.74</ele>
      </trkpt>
      <trkpt lat="18.756766" lon="98.880892">
        <ele>380.95</ele>
      </trkpt>
      <trkpt lat="18.757129" lon="98.88097">
        <ele>380.64</ele>
      </trkpt>
      <trkpt lat="18.757201" lon="98.880975">
        <ele>380.15</ele>
      </trkpt>
      <trkpt lat="18.757282" lon="98.88096">
        <ele>378.51</ele>
      </trkpt>
      <trkpt lat="18.757368" lon="98.880931">
        <ele>376.34</ele>
      </trkpt>
      <trkpt lat="18.757445" lon="98.880883">
        <ele>374.44</ele>
      </trkpt>
      <trkpt lat="18.757517" lon="98.880816">
        <ele>372.23</ele>
      </trkpt>
      <trkpt lat="18.757675" lon="98.880614">
        <ele>370.31</ele>
      </trkpt>
      <trkpt lat="18.757747" lon="98.880543">
        <ele>371</ele>
      </trkpt>
      <trkpt lat="18.758017" lon="98.880338">
        <ele>372.05</ele>
      </trkpt>
      <trkpt lat="18.758689" lon="98.880039">
        <ele>368.34</ele>
      </trkpt>
      <trkpt lat="18.758898" lon="98.879892">
        <ele>367.82</ele>
      </trkpt>
      <trkpt lat="18.759004" lon="98.879791">
        <ele>367.4</ele>
      </trkpt>
      <trkpt lat="18.75909" lon="98.879697">
        <ele>366.88</ele>
      </trkpt>
      <trkpt lat="18.759974" lon="98.878669">
        <ele>373.48</ele>
      </trkpt>
      <trkpt lat="18.760066" lon="98.878537">
        <ele>374.81</ele>
      </trkpt>
      <trkpt lat="18.760183" lon="98.878348">
        <ele>375.94</ele>
      </trkpt>
      <trkpt lat="18.760548" lon="98.877579">
        <ele>379.33</ele>
      </trkpt>
      <trkpt lat="18.760662" lon="98.877384">
        <ele>380.53</ele>
      </trkpt>
      <trkpt lat="18.760742" lon="98.877197">
        <ele>380.67</ele>
      </trkpt>
      <trkpt lat="18.760786" lon="98.876989">
        <ele>380.13</ele>
      </trkpt>
      <trkpt lat="18.760787" lon="98.876388">
        <ele>380.72</ele>
      </trkpt>
      <trkpt lat="18.7609" lon="98.875973">
        <ele>383.79</ele>
      </trkpt>
      <trkpt lat="18.761037" lon="98.875706">
        <ele>386.04</ele>
      </trkpt>
      <trkpt lat="18.761207" lon="98.875456">
        <ele>386.61</ele>
      </trkpt>
      <trkpt lat="18.761334" lon="98.875293">
        <ele>384.39</ele>
      </trkpt>
      <trkpt lat="18.761488" lon="98.875183">
        <ele>383.03</ele>
      </trkpt>
      <trkpt lat="18.761702" lon="98.875116">
        <ele>382.4</ele>
      </trkpt>
      <trkpt lat="18.761919" lon="98.875092">
        <ele>381.89</ele>
      </trkpt>
      <trkpt lat="18.762137" lon="98.875093">
        <ele>381.38</ele>
      </trkpt>
      <trkpt lat="18.762362" lon="98.875136">
        <ele>381.31</ele>
      </trkpt>
      <trkpt lat="18.762714" lon="98.875234">
        <ele>381.2</ele>
      </trkpt>
      <trkpt lat="18.762898" lon="98.87532">
        <ele>380.87</ele>
      </trkpt>
      <trkpt lat="18.763033" lon="98.875422">
        <ele>379.92</ele>
      </trkpt>
      <trkpt lat="18.763324" lon="98.875724">
        <ele>380.88</ele>
      </trkpt>
      <trkpt lat="18.763438" lon="98.875817">
        <ele>380.35</ele>
      </trkpt>
      <trkpt lat="18.76351" lon="98.875846">
        <ele>379.41</ele>
      </trkpt>
      <trkpt lat="18.763581" lon="98.87586">
        <ele>378.62</ele>
      </trkpt>
      <trkpt lat="18.763645" lon="98.875849">
        <ele>378</ele>
      </trkpt>
      <trkpt lat="18.763755" lon="98.875795">
        <ele>377.34</ele>
      </trkpt>
      <trkpt lat="18.763869" lon="98.875673">
        <ele>376.56</ele>
      </trkpt>
      <trkpt lat="18.763992" lon="98.875438">
        <ele>376.91</ele>
      </trkpt>
      <trkpt lat="18.764056" lon="98.875284">
        <ele>377.2</ele>
      </trkpt>
      <trkpt lat="18.764108" lon="98.875059">
        <ele>376.94</ele>
      </trkpt>
      <trkpt lat="18.764108" lon="98.874885">
        <ele>376.95</ele>
      </trkpt>
      <trkpt lat="18.764059" lon="98.874335">
        <ele>376.12</ele>
      </trkpt>
      <trkpt lat="18.764011" lon="98.873784">
        <ele>373</ele>
      </trkpt>
      <trkpt lat="18.763986" lon="98.873509">
        <ele>373.45</ele>
      </trkpt>
      <trkpt lat="18.763983" lon="98.87335">
        <ele>373.42</ele>
      </trkpt>
      <trkpt lat="18.764023" lon="98.872992">
        <ele>374.85</ele>
      </trkpt>
      <trkpt lat="18.764076" lon="98.872648">
        <ele>374.51</ele>
      </trkpt>
      <trkpt lat="18.764156" lon="98.872313">
        <ele>372.57</ele>
      </trkpt>
      <trkpt lat="18.764191" lon="98.872199">
        <ele>372.33</ele>
      </trkpt>
      <trkpt lat="18.764281" lon="98.872007">
        <ele>372.66</ele>
      </trkpt>
      <trkpt lat="18.764382" lon="98.871853">
        <ele>372.66</ele>
      </trkpt>
      <trkpt lat="18.764486" lon="98.871727">
        <ele>373.28</ele>
      </trkpt>
      <trkpt lat="18.764727" lon="98.871606">
        <ele>375.25</ele>
      </trkpt>
      <trkpt lat="18.765272" lon="98.871443">
        <ele>373.56</ele>
      </trkpt>
      <trkpt lat="18.76551" lon="98.871357">
        <ele>374.08</ele>
      </trkpt>
      <trkpt lat="18.765717" lon="98.871236">
        <ele>375.35</ele>
      </trkpt>
      <trkpt lat="18.765788" lon="98.871156">
        <ele>375.79</ele>
      </trkpt>
      <trkpt lat="18.76591" lon="98.870975">
        <ele>377.07</ele>
      </trkpt>
      <trkpt lat="18.766023" lon="98.870769">
        <ele>376.32</ele>
      </trkpt>
      <trkpt lat="18.766097" lon="98.870666">
        <ele>375.01</ele>
      </trkpt>
      <trkpt lat="18.766186" lon="98.87058">
        <ele>374.08</ele>
      </trkpt>
      <trkpt lat="18.766316" lon="98.870485">
        <ele>373.82</ele>
      </trkpt>
      <trkpt lat="18.767316" lon="98.870099">
        <ele>376.47</ele>
      </trkpt>
      <trkpt lat="18.767608" lon="98.870013">
        <ele>378.23</ele>
      </trkpt>
      <trkpt lat="18.768145" lon="98.869922">
        <ele>382.73</ele>
      </trkpt>
      <trkpt lat="18.768394" lon="98.869815">
        <ele>382.79</ele>
      </trkpt>
      <trkpt lat="18.768437" lon="98.869764">
        <ele>382.5</ele>
      </trkpt>
      <trkpt lat="18.768518" lon="98.869643">
        <ele>383.33</ele>
      </trkpt>
      <trkpt lat="18.768538" lon="98.869586">
        <ele>383.62</ele>
      </trkpt>
      <trkpt lat="18.768547" lon="98.869491">
        <ele>384.39</ele>
      </trkpt>
      <trkpt lat="18.768486" lon="98.869146">
        <ele>386.71</ele>
      </trkpt>
      <trkpt lat="18.768502" lon="98.869035">
        <ele>386.89</ele>
      </trkpt>
      <trkpt lat="18.768559" lon="98.868915">
        <ele>387.46</ele>
      </trkpt>
      <trkpt lat="18.768721" lon="98.868777">
        <ele>388.53</ele>
      </trkpt>
      <trkpt lat="18.769433" lon="98.868109">
        <ele>388.98</ele>
      </trkpt>
      <trkpt lat="18.769632" lon="98.867966">
        <ele>388.98</ele>
      </trkpt>
      <trkpt lat="18.769792" lon="98.867807">
        <ele>389.2</ele>
      </trkpt>
      <trkpt lat="18.769844" lon="98.867686">
        <ele>388.81</ele>
      </trkpt>
      <trkpt lat="18.769885" lon="98.867398">
        <ele>388.34</ele>
      </trkpt>
      <trkpt lat="18.769946" lon="98.86725">
        <ele>387.49</ele>
      </trkpt>
      <trkpt lat="18.770033" lon="98.867106">
        <ele>386.36</ele>
      </trkpt>
      <trkpt lat="18.7702" lon="98.866942">
        <ele>386.35</ele>
      </trkpt>
      <trkpt lat="18.770276" lon="98.866883">
        <ele>386.06</ele>
      </trkpt>
      <trkpt lat="18.770548" lon="98.866774">
        <ele>385.63</ele>
      </trkpt>
      <trkpt lat="18.770761" lon="98.866743">
        <ele>385.6</ele>
      </trkpt>
      <trkpt lat="18.771062" lon="98.866743">
        <ele>386.4</ele>
      </trkpt>
      <trkpt lat="18.771192" lon="98.86676">
        <ele>386.98</ele>
      </trkpt>
      <trkpt lat="18.771368" lon="98.86676">
        <ele>389.49</ele>
      </trkpt>
      <trkpt lat="18.771506" lon="98.866721">
        <ele>393.08</ele>
      </trkpt>
      <trkpt lat="18.771554" lon="98.866673">
        <ele>394.7</ele>
      </trkpt>
      <trkpt lat="18.771573" lon="98.866579">
        <ele>396.1</ele>
      </trkpt>
      <trkpt lat="18.771551" lon="98.866383">
        <ele>396.71</ele>
      </trkpt>
      <trkpt lat="18.771555" lon="98.866296">
        <ele>396.81</ele>
      </trkpt>
      <trkpt lat="18.771587" lon="98.866188">
        <ele>397.72</ele>
      </trkpt>
      <trkpt lat="18.771646" lon="98.86612">
        <ele>398.53</ele>
      </trkpt>
      <trkpt lat="18.771728" lon="98.866094">
        <ele>399.16</ele>
      </trkpt>
      <trkpt lat="18.771801" lon="98.866056">
        <ele>399.61</ele>
      </trkpt>
      <trkpt lat="18.771859" lon="98.866013">
        <ele>400.13</ele>
      </trkpt>
      <trkpt lat="18.771958" lon="98.865885">
        <ele>401.94</ele>
      </trkpt>
      <trkpt lat="18.771972" lon="98.865823">
        <ele>402.77</ele>
      </trkpt>
      <trkpt lat="18.771955" lon="98.86577">
        <ele>403.05</ele>
      </trkpt>
      <trkpt lat="18.771894" lon="98.865705">
        <ele>403.04</ele>
      </trkpt>
      <trkpt lat="18.77181" lon="98.865639">
        <ele>402.68</ele>
      </trkpt>
      <trkpt lat="18.771752" lon="98.865562">
        <ele>402.7</ele>
      </trkpt>
      <trkpt lat="18.771732" lon="98.865462">
        <ele>403.49</ele>
      </trkpt>
      <trkpt lat="18.771743" lon="98.865343">
        <ele>404.56</ele>
      </trkpt>
      <trkpt lat="18.771785" lon="98.865219">
        <ele>406.07</ele>
      </trkpt>
      <trkpt lat="18.771866" lon="98.865116">
        <ele>408.17</ele>
      </trkpt>
      <trkpt lat="18.772014" lon="98.864964">
        <ele>411.04</ele>
      </trkpt>
      <trkpt lat="18.772068" lon="98.864882">
        <ele>411.58</ele>
      </trkpt>
      <trkpt lat="18.772109" lon="98.864771">
        <ele>411.88</ele>
      </trkpt>
      <trkpt lat="18.772105" lon="98.864706">
        <ele>411.94</ele>
      </trkpt>
      <trkpt lat="18.772058" lon="98.864604">
        <ele>411.66</ele>
      </trkpt>
      <trkpt lat="18.771951" lon="98.86444">
        <ele>411.77</ele>
      </trkpt>
      <trkpt lat="18.771775" lon="98.864217">
        <ele>411.25</ele>
      </trkpt>
      <trkpt lat="18.771665" lon="98.864062">
        <ele>408.52</ele>
      </trkpt>
      <trkpt lat="18.771591" lon="98.863894">
        <ele>406.7</ele>
      </trkpt>
      <trkpt lat="18.771558" lon="98.863602">
        <ele>404.11</ele>
      </trkpt>
      <trkpt lat="18.771558" lon="98.863421">
        <ele>402.16</ele>
      </trkpt>
      <trkpt lat="18.771599" lon="98.863202">
        <ele>400.55</ele>
      </trkpt>
      <trkpt lat="18.771667" lon="98.863028">
        <ele>400.03</ele>
      </trkpt>
      <trkpt lat="18.771793" lon="98.862855">
        <ele>397.72</ele>
      </trkpt>
      <trkpt lat="18.772075" lon="98.86257">
        <ele>395.4</ele>
      </trkpt>
      <trkpt lat="18.77227" lon="98.862392">
        <ele>396.86</ele>
      </trkpt>
      <trkpt lat="18.772647" lon="98.862014">
        <ele>403.74</ele>
      </trkpt>
      <trkpt lat="18.772757" lon="98.861916">
        <ele>406.4</ele>
      </trkpt>
      <trkpt lat="18.773199" lon="98.861525">
        <ele>412.47</ele>
      </trkpt>
      <trkpt lat="18.773579" lon="98.861229">
        <ele>414.26</ele>
      </trkpt>
      <trkpt lat="18.773817" lon="98.860958">
        <ele>416.09</ele>
      </trkpt>
      <trkpt lat="18.773914" lon="98.860829">
        <ele>417.95</ele>
      </trkpt>
      <trkpt lat="18.773978" lon="98.860714">
        <ele>419.87</ele>
      </trkpt>
      <trkpt lat="18.77405" lon="98.860481">
        <ele>422.7</ele>
      </trkpt>
      <trkpt lat="18.774117" lon="98.860232">
        <ele>426.32</ele>
      </trkpt>
      <trkpt lat="18.77418" lon="98.860093">
        <ele>428.35</ele>
      </trkpt>
      <trkpt lat="18.774353" lon="98.859917">
        <ele>431.47</ele>
      </trkpt>
      <trkpt lat="18.775028" lon="98.85931">
        <ele>446.31</ele>
      </trkpt>
      <trkpt lat="18.775125" lon="98.859173">
        <ele>449.38</ele>
      </trkpt>
      <trkpt lat="18.775231" lon="98.858941">
        <ele>453.56</ele>
      </trkpt>
      <trkpt lat="18.775361" lon="98.858478">
        <ele>461.68</ele>
      </trkpt>
      <trkpt lat="18.775434" lon="98.858246">
        <ele>465.28</ele>
      </trkpt>
      <trkpt lat="18.775466" lon="98.858083">
        <ele>467.21</ele>
      </trkpt>
      <trkpt lat="18.775483" lon="98.857877">
        <ele>469.5</ele>
      </trkpt>
      <trkpt lat="18.775464" lon="98.85708">
        <ele>473.32</ele>
      </trkpt>
      <trkpt lat="18.775498" lon="98.856392">
        <ele>473.06</ele>
      </trkpt>
      <trkpt lat="18.775563" lon="98.856142">
        <ele>470.82</ele>
      </trkpt>
      <trkpt lat="18.776024" lon="98.85484">
        <ele>461.23</ele>
      </trkpt>
      <trkpt lat="18.776115" lon="98.854589">
        <ele>459.39</ele>
      </trkpt>
      <trkpt lat="18.77623" lon="98.854361">
        <ele>459.82</ele>
      </trkpt>
      <trkpt lat="18.776338" lon="98.854204">
        <ele>460.31</ele>
      </trkpt>
      <trkpt lat="18.77656" lon="98.853934">
        <ele>459.16</ele>
      </trkpt>
      <trkpt lat="18.777045" lon="98.853574">
        <ele>455.22</ele>
      </trkpt>
      <trkpt lat="18.777245" lon="98.853433">
        <ele>454.15</ele>
      </trkpt>
      <trkpt lat="18.777377" lon="98.853368">
        <ele>453.05</ele>
      </trkpt>
      <trkpt lat="18.777506" lon="98.853318">
        <ele>452.25</ele>
      </trkpt>
      <trkpt lat="18.777752" lon="98.853267">
        <ele>451.54</ele>
      </trkpt>
      <trkpt lat="18.77795" lon="98.853246">
        <ele>453.26</ele>
      </trkpt>
      <trkpt lat="18.778416" lon="98.853179">
        <ele>460.63</ele>
      </trkpt>
      <trkpt lat="18.779008" lon="98.853024">
        <ele>462.6</ele>
      </trkpt>
      <trkpt lat="18.779402" lon="98.853014">
        <ele>467.38</ele>
      </trkpt>
      <trkpt lat="18.779484" lon="98.852976">
        <ele>467.77</ele>
      </trkpt>
      <trkpt lat="18.779527" lon="98.852884">
        <ele>467.83</ele>
      </trkpt>
      <trkpt lat="18.779566" lon="98.852542">
        <ele>464.69</ele>
      </trkpt>
      <trkpt lat="18.779579" lon="98.852276">
        <ele>464.69</ele>
      </trkpt>
      <trkpt lat="18.779607" lon="98.852155">
        <ele>464.69</ele>
      </trkpt>
      <trkpt lat="18.779701" lon="98.851889">
        <ele>467.33</ele>
      </trkpt>
      <trkpt lat="18.779828" lon="98.851639">
        <ele>470.84</ele>
      </trkpt>
      <trkpt lat="18.779911" lon="98.851545">
        <ele>472.2</ele>
      </trkpt>
      <trkpt lat="18.780172" lon="98.85139">
        <ele>475.6</ele>
      </trkpt>
      <trkpt lat="18.780299" lon="98.851335">
        <ele>476.85</ele>
      </trkpt>
      <trkpt lat="18.780687" lon="98.851224">
        <ele>481.84</ele>
      </trkpt>
      <trkpt lat="18.780992" lon="98.851102">
        <ele>487.41</ele>
      </trkpt>
      <trkpt lat="18.78113" lon="98.851019">
        <ele>489.22</ele>
      </trkpt>
      <trkpt lat="18.781258" lon="98.850875">
        <ele>490.73</ele>
      </trkpt>
      <trkpt lat="18.781335" lon="98.85057">
        <ele>490.39</ele>
      </trkpt>
      <trkpt lat="18.781352" lon="98.850393">
        <ele>490.2</ele>
      </trkpt>
      <trkpt lat="18.781421" lon="98.849911">
        <ele>492.23</ele>
      </trkpt>
      <trkpt lat="18.781518" lon="98.849268">
        <ele>498.94</ele>
      </trkpt>
      <trkpt lat="18.781601" lon="98.848991">
        <ele>501.97</ele>
      </trkpt>
      <trkpt lat="18.781668" lon="98.848842">
        <ele>503.75</ele>
      </trkpt>
      <trkpt lat="18.781728" lon="98.848725">
        <ele>504.44</ele>
      </trkpt>
      <trkpt lat="18.781989" lon="98.848371">
        <ele>507.08</ele>
      </trkpt>
      <trkpt lat="18.782183" lon="98.848138">
        <ele>509.35</ele>
      </trkpt>
      <trkpt lat="18.782321" lon="98.848011">
        <ele>511.05</ele>
      </trkpt>
      <trkpt lat="18.782748" lon="98.847678">
        <ele>518.9</ele>
      </trkpt>
      <trkpt lat="18.782958" lon="98.84744">
        <ele>520.32</ele>
      </trkpt>
      <trkpt lat="18.783163" lon="98.847235">
        <ele>519.84</ele>
      </trkpt>
      <trkpt lat="18.78339" lon="98.84693">
        <ele>516.56</ele>
      </trkpt>
      <trkpt lat="18.78397" lon="98.846094">
        <ele>508.12</ele>
      </trkpt>
      <trkpt lat="18.784083" lon="98.845906">
        <ele>506.87</ele>
      </trkpt>
      <trkpt lat="18.784199" lon="98.845633">
        <ele>505.07</ele>
      </trkpt>
      <trkpt lat="18.784316" lon="98.845269">
        <ele>501.66</ele>
      </trkpt>
      <trkpt lat="18.784424" lon="98.844839">
        <ele>498.77</ele>
      </trkpt>
      <trkpt lat="18.784575" lon="98.844434">
        <ele>497.9</ele>
      </trkpt>
      <trkpt lat="18.784916" lon="98.843723">
        <ele>497</ele>
      </trkpt>
      <trkpt lat="18.785037" lon="98.843513">
        <ele>498.42</ele>
      </trkpt>
      <trkpt lat="18.785345" lon="98.843036">
        <ele>502.13</ele>
      </trkpt>
      <trkpt lat="18.785807" lon="98.842321">
        <ele>519.31</ele>
      </trkpt>
      <trkpt lat="18.785961" lon="98.842083">
        <ele>522.94</ele>
      </trkpt>
      <trkpt lat="18.786072" lon="98.841928">
        <ele>524.64</ele>
      </trkpt>
      <trkpt lat="18.786221" lon="98.841817">
        <ele>524.66</ele>
      </trkpt>
      <trkpt lat="18.786353" lon="98.84179">
        <ele>524.72</ele>
      </trkpt>
      <trkpt lat="18.786487" lon="98.841731">
        <ele>525.94</ele>
      </trkpt>
      <trkpt lat="18.786567" lon="98.841575">
        <ele>528.56</ele>
      </trkpt>
      <trkpt lat="18.78662" lon="98.841335">
        <ele>532.5</ele>
      </trkpt>
      <trkpt lat="18.786664" lon="98.841169">
        <ele>534.24</ele>
      </trkpt>
      <trkpt lat="18.786759" lon="98.840903">
        <ele>536.06</ele>
      </trkpt>
      <trkpt lat="18.78698" lon="98.840377">
        <ele>529.92</ele>
      </trkpt>
      <trkpt lat="18.787292" lon="98.839781">
        <ele>521.49</ele>
      </trkpt>
      <trkpt lat="18.787297" lon="98.839651">
        <ele>520.53</ele>
      </trkpt>
      <trkpt lat="18.787255" lon="98.839537">
        <ele>520.08</ele>
      </trkpt>
      <trkpt lat="18.787163" lon="98.839452">
        <ele>520.82</ele>
      </trkpt>
      <trkpt lat="18.787099" lon="98.839371">
        <ele>521.71</ele>
      </trkpt>
      <trkpt lat="18.787106" lon="98.839266">
        <ele>521.24</ele>
      </trkpt>
      <trkpt lat="18.787155" lon="98.839206">
        <ele>519.99</ele>
      </trkpt>
      <trkpt lat="18.787228" lon="98.839203">
        <ele>518.9</ele>
      </trkpt>
      <trkpt lat="18.787349" lon="98.839228">
        <ele>517.15</ele>
      </trkpt>
      <trkpt lat="18.787507" lon="98.839278">
        <ele>514.68</ele>
      </trkpt>
      <trkpt lat="18.787698" lon="98.839308">
        <ele>511.82</ele>
      </trkpt>
      <trkpt lat="18.787818" lon="98.839289">
        <ele>509.76</ele>
      </trkpt>
      <trkpt lat="18.787953" lon="98.839238">
        <ele>507.58</ele>
      </trkpt>
      <trkpt lat="18.788369" lon="98.839013">
        <ele>502.87</ele>
      </trkpt>
      <trkpt lat="18.788564" lon="98.838962">
        <ele>501.92</ele>
      </trkpt>
      <trkpt lat="18.788941" lon="98.838927">
        <ele>502.14</ele>
      </trkpt>
      <trkpt lat="18.789266" lon="98.838871">
        <ele>504.62</ele>
      </trkpt>
      <trkpt lat="18.789461" lon="98.838808">
        <ele>506.94</ele>
      </trkpt>
      <trkpt lat="18.789577" lon="98.838717">
        <ele>508.63</ele>
      </trkpt>
      <trkpt lat="18.789667" lon="98.838599">
        <ele>511.55</ele>
      </trkpt>
      <trkpt lat="18.789767" lon="98.838488">
        <ele>514.1</ele>
      </trkpt>
      <trkpt lat="18.789861" lon="98.838349">
        <ele>516.54</ele>
      </trkpt>
      <trkpt lat="18.789933" lon="98.838211">
        <ele>518.61</ele>
      </trkpt>
      <trkpt lat="18.789988" lon="98.838056">
        <ele>519.95</ele>
      </trkpt>
      <trkpt lat="18.790016" lon="98.837934">
        <ele>520.15</ele>
      </trkpt>
      <trkpt lat="18.790036" lon="98.837758">
        <ele>518.71</ele>
      </trkpt>
      <trkpt lat="18.790061" lon="98.837602">
        <ele>516.29</ele>
      </trkpt>
      <trkpt lat="18.790124" lon="98.83745">
        <ele>512.21</ele>
      </trkpt>
      <trkpt lat="18.790224" lon="98.837354">
        <ele>509.18</ele>
      </trkpt>
      <trkpt lat="18.790363" lon="98.837294">
        <ele>507.83</ele>
      </trkpt>
      <trkpt lat="18.790507" lon="98.837242">
        <ele>508.4</ele>
      </trkpt>
      <trkpt lat="18.791131" lon="98.836975">
        <ele>515.09</ele>
      </trkpt>
      <trkpt lat="18.791533" lon="98.836808">
        <ele>515.98</ele>
      </trkpt>
      <trkpt lat="18.791796" lon="98.836752">
        <ele>516.22</ele>
      </trkpt>
      <trkpt lat="18.792014" lon="98.836723">
        <ele>516.36</ele>
      </trkpt>
      <trkpt lat="18.792357" lon="98.83671">
        <ele>512.92</ele>
      </trkpt>
      <trkpt lat="18.792568" lon="98.836719">
        <ele>510.08</ele>
      </trkpt>
      <trkpt lat="18.792689" lon="98.836737">
        <ele>508.29</ele>
      </trkpt>
      <trkpt lat="18.792852" lon="98.83678">
        <ele>505.17</ele>
      </trkpt>
      <trkpt lat="18.793242" lon="98.836917">
        <ele>502.48</ele>
      </trkpt>
      <trkpt lat="18.79334" lon="98.836931">
        <ele>502.01</ele>
      </trkpt>
      <trkpt lat="18.793503" lon="98.836894">
        <ele>502.99</ele>
      </trkpt>
      <trkpt lat="18.793641" lon="98.836837">
        <ele>502.96</ele>
      </trkpt>
      <trkpt lat="18.794246" lon="98.836455">
        <ele>504.64</ele>
      </trkpt>
      <trkpt lat="18.79437" lon="98.836317">
        <ele>505.31</ele>
      </trkpt>
      <trkpt lat="18.794426" lon="98.83615">
        <ele>505.65</ele>
      </trkpt>
      <trkpt lat="18.79444" lon="98.835881">
        <ele>506.54</ele>
      </trkpt>
      <trkpt lat="18.794397" lon="98.83581">
        <ele>506.58</ele>
      </trkpt>
      <trkpt lat="18.794234" lon="98.835686">
        <ele>506.93</ele>
      </trkpt>
      <trkpt lat="18.794134" lon="98.835545">
        <ele>507.85</ele>
      </trkpt>
      <trkpt lat="18.794087" lon="98.835426">
        <ele>509.06</ele>
      </trkpt>
      <trkpt lat="18.794052" lon="98.83528">
        <ele>510.86</ele>
      </trkpt>
      <trkpt lat="18.794059" lon="98.835179">
        <ele>511.96</ele>
      </trkpt>
      <trkpt lat="18.794093" lon="98.834975">
        <ele>514.15</ele>
      </trkpt>
      <trkpt lat="18.79411" lon="98.834793">
        <ele>517</ele>
      </trkpt>
      <trkpt lat="18.79416" lon="98.833919">
        <ele>522.07</ele>
      </trkpt>
      <trkpt lat="18.794193" lon="98.83367">
        <ele>523.22</ele>
      </trkpt>
      <trkpt lat="18.794243" lon="98.833452">
        <ele>525.88</ele>
      </trkpt>
      <trkpt lat="18.794343" lon="98.833203">
        <ele>529.27</ele>
      </trkpt>
      <trkpt lat="18.794631" lon="98.832693">
        <ele>525.9</ele>
      </trkpt>
      <trkpt lat="18.794731" lon="98.832566">
        <ele>523.99</ele>
      </trkpt>
      <trkpt lat="18.794897" lon="98.832499">
        <ele>521.42</ele>
      </trkpt>
      <trkpt lat="18.795074" lon="98.832471">
        <ele>522.03</ele>
      </trkpt>
      <trkpt lat="18.795268" lon="98.832455">
        <ele>524.6</ele>
      </trkpt>
      <trkpt lat="18.795534" lon="98.832483">
        <ele>528.61</ele>
      </trkpt>
      <trkpt lat="18.795811" lon="98.832494">
        <ele>532.75</ele>
      </trkpt>
      <trkpt lat="18.796293" lon="98.832538">
        <ele>539.94</ele>
      </trkpt>
      <trkpt lat="18.796791" lon="98.832538">
        <ele>548.34</ele>
      </trkpt>
      <trkpt lat="18.797002" lon="98.832513">
        <ele>548.76</ele>
      </trkpt>
      <trkpt lat="18.797262" lon="98.832455">
        <ele>544.63</ele>
      </trkpt>
      <trkpt lat="18.79755" lon="98.832414">
        <ele>541.07</ele>
      </trkpt>
      <trkpt lat="18.798004" lon="98.832495">
        <ele>537.21</ele>
      </trkpt>
      <trkpt lat="18.798248" lon="98.832487">
        <ele>536.04</ele>
      </trkpt>
      <trkpt lat="18.798669" lon="98.832442">
        <ele>536.37</ele>
      </trkpt>
      <trkpt lat="18.798882" lon="98.832406">
        <ele>535.98</ele>
      </trkpt>
      <trkpt lat="18.799588" lon="98.832263">
        <ele>531.14</ele>
      </trkpt>
      <trkpt lat="18.799824" lon="98.832215">
        <ele>531.33</ele>
      </trkpt>
      <trkpt lat="18.80022" lon="98.832124">
        <ele>538.55</ele>
      </trkpt>
      <trkpt lat="18.800344" lon="98.832081">
        <ele>541.54</ele>
      </trkpt>
      <trkpt lat="18.800473" lon="98.831975">
        <ele>544.02</ele>
      </trkpt>
      <trkpt lat="18.800541" lon="98.83185">
        <ele>546.46</ele>
      </trkpt>
      <trkpt lat="18.800584" lon="98.831723">
        <ele>548.48</ele>
      </trkpt>
      <trkpt lat="18.800592" lon="98.831652">
        <ele>549.57</ele>
      </trkpt>
      <trkpt lat="18.800613" lon="98.830706">
        <ele>559.78</ele>
      </trkpt>
      <trkpt lat="18.800635" lon="98.830651">
        <ele>560.24</ele>
      </trkpt>
      <trkpt lat="18.800675" lon="98.830602">
        <ele>560.37</ele>
      </trkpt>
      <trkpt lat="18.800729" lon="98.830581">
        <ele>560.39</ele>
      </trkpt>
      <trkpt lat="18.800833" lon="98.830581">
        <ele>559.26</ele>
      </trkpt>
      <trkpt lat="18.800895" lon="98.83059">
        <ele>559.35</ele>
      </trkpt>
      <trkpt lat="18.801402" lon="98.830781">
        <ele>556.97</ele>
      </trkpt>
      <trkpt lat="18.801632" lon="98.830869">
        <ele>553.83</ele>
      </trkpt>
      <trkpt lat="18.802093" lon="98.831045">
        <ele>557.54</ele>
      </trkpt>
      <trkpt lat="18.802323" lon="98.831133">
        <ele>557.17</ele>
      </trkpt>
      <trkpt lat="18.80242" lon="98.831134">
        <ele>556.32</ele>
      </trkpt>
      <trkpt lat="18.802494" lon="98.831092">
        <ele>556.64</ele>
      </trkpt>
      <trkpt lat="18.802549" lon="98.83104">
        <ele>557.1</ele>
      </trkpt>
      <trkpt lat="18.802598" lon="98.830979">
        <ele>558.28</ele>
      </trkpt>
      <trkpt lat="18.802781" lon="98.830667">
        <ele>562.66</ele>
      </trkpt>
      <trkpt lat="18.802864" lon="98.8305">
        <ele>564.02</ele>
      </trkpt>
      <trkpt lat="18.802916" lon="98.830442">
        <ele>564.11</ele>
      </trkpt>
      <trkpt lat="18.803026" lon="98.830383">
        <ele>563.87</ele>
      </trkpt>
      <trkpt lat="18.803175" lon="98.830321">
        <ele>565.53</ele>
      </trkpt>
      <trkpt lat="18.803443" lon="98.830228">
        <ele>573.66</ele>
      </trkpt>
      <trkpt lat="18.803634" lon="98.830167">
        <ele>576.72</ele>
      </trkpt>
      <trkpt lat="18.803703" lon="98.830139">
        <ele>577.2</ele>
      </trkpt>
      <trkpt lat="18.80421" lon="98.829822">
        <ele>584.36</ele>
      </trkpt>
      <trkpt lat="18.804408" lon="98.82973">
        <ele>586.12</ele>
      </trkpt>
      <trkpt lat="18.804546" lon="98.829711">
        <ele>586.07</ele>
      </trkpt>
      <trkpt lat="18.804703" lon="98.829702">
        <ele>585.44</ele>
      </trkpt>
      <trkpt lat="18.804905" lon="98.82968">
        <ele>585.49</ele>
      </trkpt>
      <trkpt lat="18.805177" lon="98.829651">
        <ele>590.67</ele>
      </trkpt>
      <trkpt lat="18.805592" lon="98.82957">
        <ele>598.12</ele>
      </trkpt>
      <trkpt lat="18.805705" lon="98.829537">
        <ele>599.92</ele>
      </trkpt>
      <trkpt lat="18.805908" lon="98.829428">
        <ele>603.65</ele>
      </trkpt>
      <trkpt lat="18.806294" lon="98.829184">
        <ele>613.89</ele>
      </trkpt>
      <trkpt lat="18.806611" lon="98.828969">
        <ele>622.01</ele>
      </trkpt>
      <trkpt lat="18.80677" lon="98.828847">
        <ele>624.06</ele>
      </trkpt>
      <trkpt lat="18.806912" lon="98.828745">
        <ele>624.15</ele>
      </trkpt>
      <trkpt lat="18.806965" lon="98.828652">
        <ele>623.57</ele>
      </trkpt>
      <trkpt lat="18.806965" lon="98.828518">
        <ele>623.14</ele>
      </trkpt>
      <trkpt lat="18.806924" lon="98.828185">
        <ele>624.67</ele>
      </trkpt>
      <trkpt lat="18.806924" lon="98.82788">
        <ele>625.89</ele>
      </trkpt>
      <trkpt lat="18.806965" lon="98.827738">
        <ele>625.17</ele>
      </trkpt>
      <trkpt lat="18.807275" lon="98.826851">
        <ele>628.02</ele>
      </trkpt>
      <trkpt lat="18.807379" lon="98.826556">
        <ele>624.74</ele>
      </trkpt>
      <trkpt lat="18.807477" lon="98.826301">
        <ele>620.62</ele>
      </trkpt>
      <trkpt lat="18.808069" lon="98.824773">
        <ele>621.35</ele>
      </trkpt>
      <trkpt lat="18.808141" lon="98.824642">
        <ele>619.94</ele>
      </trkpt>
      <trkpt lat="18.808219" lon="98.824435">
        <ele>619.62</ele>
      </trkpt>
      <trkpt lat="18.808256" lon="98.824303">
        <ele>619.74</ele>
      </trkpt>
      <trkpt lat="18.808281" lon="98.824164">
        <ele>619.93</ele>
      </trkpt>
      <trkpt lat="18.808284" lon="98.824052">
        <ele>619.94</ele>
      </trkpt>
      <trkpt lat="18.808273" lon="98.823901">
        <ele>620.08</ele>
      </trkpt>
      <trkpt lat="18.808216" lon="98.823765">
        <ele>620.81</ele>
      </trkpt>
      <trkpt lat="18.808187" lon="98.823643">
        <ele>620.7</ele>
      </trkpt>
      <trkpt lat="18.808169" lon="98.823517">
        <ele>621.56</ele>
      </trkpt>
      <trkpt lat="18.808178" lon="98.823378">
        <ele>622.8</ele>
      </trkpt>
      <trkpt lat="18.808211" lon="98.823243">
        <ele>624.97</ele>
      </trkpt>
      <trkpt lat="18.808324" lon="98.822943">
        <ele>632.04</ele>
      </trkpt>
      <trkpt lat="18.808436" lon="98.822643">
        <ele>635.76</ele>
      </trkpt>
      <trkpt lat="18.808648" lon="98.822063">
        <ele>633.52</ele>
      </trkpt>
      <trkpt lat="18.808946" lon="98.82122">
        <ele>634.53</ele>
      </trkpt>
      <trkpt lat="18.809022" lon="98.821055">
        <ele>632.51</ele>
      </trkpt>
      <trkpt lat="18.809047" lon="98.820922">
        <ele>631.74</ele>
      </trkpt>
      <trkpt lat="18.809052" lon="98.820653">
        <ele>629.91</ele>
      </trkpt>
      <trkpt lat="18.80897" lon="98.820355">
        <ele>627.89</ele>
      </trkpt>
      <trkpt lat="18.808804" lon="98.820111">
        <ele>626.62</ele>
      </trkpt>
      <trkpt lat="18.808751" lon="98.820015">
        <ele>625.33</ele>
      </trkpt>
      <trkpt lat="18.808622" lon="98.819825">
        <ele>625.28</ele>
      </trkpt>
      <trkpt lat="18.808415" lon="98.819468">
        <ele>627.78</ele>
      </trkpt>
      <trkpt lat="18.808382" lon="98.819342">
        <ele>628.94</ele>
      </trkpt>
      <trkpt lat="18.808354" lon="98.819191">
        <ele>629.83</ele>
      </trkpt>
      <trkpt lat="18.808362" lon="98.819074">
        <ele>630.64</ele>
      </trkpt>
      <trkpt lat="18.808411" lon="98.81898">
        <ele>631.66</ele>
      </trkpt>
      <trkpt lat="18.808472" lon="98.818887">
        <ele>633.12</ele>
      </trkpt>
      <trkpt lat="18.808532" lon="98.818818">
        <ele>634.3</ele>
      </trkpt>
      <trkpt lat="18.809203" lon="98.818338">
        <ele>649.32</ele>
      </trkpt>
      <trkpt lat="18.809316" lon="98.818237">
        <ele>651.91</ele>
      </trkpt>
      <trkpt lat="18.809385" lon="98.818156">
        <ele>653.06</ele>
      </trkpt>
      <trkpt lat="18.809459" lon="98.818034">
        <ele>654.88</ele>
      </trkpt>
      <trkpt lat="18.809702" lon="98.817676">
        <ele>654.53</ele>
      </trkpt>
      <trkpt lat="18.809771" lon="98.817599">
        <ele>653.75</ele>
      </trkpt>
      <trkpt lat="18.809954" lon="98.817445">
        <ele>652.93</ele>
      </trkpt>
      <trkpt lat="18.810068" lon="98.817396">
        <ele>652.62</ele>
      </trkpt>
      <trkpt lat="18.810291" lon="98.817286">
        <ele>655</ele>
      </trkpt>
      <trkpt lat="18.810759" lon="98.817106">
        <ele>661.76</ele>
      </trkpt>
      <trkpt lat="18.810903" lon="98.817021">
        <ele>663.84</ele>
      </trkpt>
      <trkpt lat="18.811064" lon="98.816891">
        <ele>666.21</ele>
      </trkpt>
      <trkpt lat="18.811121" lon="98.816807">
        <ele>667</ele>
      </trkpt>
      <trkpt lat="18.811161" lon="98.816657">
        <ele>669.03</ele>
      </trkpt>
      <trkpt lat="18.811173" lon="98.816563">
        <ele>670.11</ele>
      </trkpt>
      <trkpt lat="18.811152" lon="98.816494">
        <ele>671.4</ele>
      </trkpt>
      <trkpt lat="18.811124" lon="98.816433">
        <ele>672.79</ele>
      </trkpt>
      <trkpt lat="18.811022" lon="98.81632">
        <ele>674.6</ele>
      </trkpt>
      <trkpt lat="18.810819" lon="98.816157">
        <ele>677.35</ele>
      </trkpt>
      <trkpt lat="18.810523" lon="98.815946">
        <ele>683.91</ele>
      </trkpt>
      <trkpt lat="18.810364" lon="98.815816">
        <ele>689.49</ele>
      </trkpt>
      <trkpt lat="18.809856" lon="98.815207">
        <ele>709.24</ele>
      </trkpt>
      <trkpt lat="18.809008" lon="98.814191">
        <ele>723.7</ele>
      </trkpt>
      <trkpt lat="18.808796" lon="98.81398">
        <ele>729.03</ele>
      </trkpt>
      <trkpt lat="18.808565" lon="98.813817">
        <ele>733.6</ele>
      </trkpt>
      <trkpt lat="18.808423" lon="98.813748">
        <ele>735.2</ele>
      </trkpt>
      <trkpt lat="18.808317" lon="98.813716">
        <ele>736.4</ele>
      </trkpt>
      <trkpt lat="18.808179" lon="98.813696">
        <ele>737.09</ele>
      </trkpt>
      <trkpt lat="18.807671" lon="98.813683">
        <ele>736.15</ele>
      </trkpt>
      <trkpt lat="18.807549" lon="98.813647">
        <ele>738.35</ele>
      </trkpt>
      <trkpt lat="18.807497" lon="98.813586">
        <ele>740.15</ele>
      </trkpt>
      <trkpt lat="18.807436" lon="98.813493">
        <ele>743.13</ele>
      </trkpt>
      <trkpt lat="18.807436" lon="98.813391">
        <ele>744.32</ele>
      </trkpt>
      <trkpt lat="18.807444" lon="98.81331">
        <ele>745.04</ele>
      </trkpt>
      <trkpt lat="18.807529" lon="98.813086">
        <ele>746.04</ele>
      </trkpt>
      <trkpt lat="18.807558" lon="98.812875">
        <ele>748.82</ele>
      </trkpt>
      <trkpt lat="18.807558" lon="98.812822">
        <ele>749.96</ele>
      </trkpt>
      <trkpt lat="18.807529" lon="98.812761">
        <ele>752.02</ele>
      </trkpt>
      <trkpt lat="18.807468" lon="98.812741">
        <ele>753.81</ele>
      </trkpt>
      <trkpt lat="18.807326" lon="98.81281">
        <ele>755.14</ele>
      </trkpt>
      <trkpt lat="18.807143" lon="98.812912">
        <ele>756.74</ele>
      </trkpt>
      <trkpt lat="18.80705" lon="98.812912">
        <ele>758.46</ele>
      </trkpt>
      <trkpt lat="18.806989" lon="98.812883">
        <ele>759.7</ele>
      </trkpt>
      <trkpt lat="18.806927" lon="98.812817">
        <ele>761.24</ele>
      </trkpt>
      <trkpt lat="18.806907" lon="98.812741">
        <ele>762.69</ele>
      </trkpt>
      <trkpt lat="18.806866" lon="98.812655">
        <ele>764.43</ele>
      </trkpt>
      <trkpt lat="18.806831" lon="98.812388">
        <ele>769.15</ele>
      </trkpt>
      <trkpt lat="18.806842" lon="98.812222">
        <ele>771.7</ele>
      </trkpt>
      <trkpt lat="18.806895" lon="98.812073">
        <ele>773.94</ele>
      </trkpt>
      <trkpt lat="18.806971" lon="98.811952">
        <ele>774.87</ele>
      </trkpt>
      <trkpt lat="18.807246" lon="98.811657">
        <ele>779.43</ele>
      </trkpt>
      <trkpt lat="18.807335" lon="98.811588">
        <ele>780.41</ele>
      </trkpt>
      <trkpt lat="18.807387" lon="98.811487">
        <ele>783.48</ele>
      </trkpt>
      <trkpt lat="18.807379" lon="98.811402">
        <ele>786.79</ele>
      </trkpt>
      <trkpt lat="18.807339" lon="98.811374">
        <ele>788.66</ele>
      </trkpt>
      <trkpt lat="18.807278" lon="98.811354">
        <ele>790.98</ele>
      </trkpt>
      <trkpt lat="18.807064" lon="98.811422">
        <ele>792.62</ele>
      </trkpt>
      <trkpt lat="18.806862" lon="98.811495">
        <ele>795.44</ele>
      </trkpt>
      <trkpt lat="18.806741" lon="98.811503">
        <ele>798.45</ele>
      </trkpt>
      <trkpt lat="18.805812" lon="98.811616">
        <ele>805.32</ele>
      </trkpt>
      <trkpt lat="18.805711" lon="98.811649">
        <ele>805.86</ele>
      </trkpt>
      <trkpt lat="18.805549" lon="98.811717">
        <ele>807.96</ele>
      </trkpt>
      <trkpt lat="18.805489" lon="98.811778">
        <ele>808.47</ele>
      </trkpt>
      <trkpt lat="18.805347" lon="98.811952">
        <ele>809.71</ele>
      </trkpt>
      <trkpt lat="18.805226" lon="98.812162">
        <ele>809.72</ele>
      </trkpt>
      <trkpt lat="18.805145" lon="98.812275">
        <ele>809.56</ele>
      </trkpt>
      <trkpt lat="18.805085" lon="98.812295">
        <ele>809.8</ele>
      </trkpt>
      <trkpt lat="18.805004" lon="98.812295">
        <ele>809.95</ele>
      </trkpt>
      <trkpt lat="18.804964" lon="98.812234">
        <ele>810.1</ele>
      </trkpt>
      <trkpt lat="18.804943" lon="98.812174">
        <ele>810.16</ele>
      </trkpt>
      <trkpt lat="18.804943" lon="98.811919">
        <ele>809.53</ele>
      </trkpt>
      <trkpt lat="18.805016" lon="98.811661">
        <ele>810.9</ele>
      </trkpt>
      <trkpt lat="18.805137" lon="98.811386">
        <ele>812.2</ele>
      </trkpt>
      <trkpt lat="18.805206" lon="98.811253">
        <ele>813.45</ele>
      </trkpt>
      <trkpt lat="18.805469" lon="98.81082">
        <ele>815.47</ele>
      </trkpt>
      <trkpt lat="18.805658" lon="98.810469">
        <ele>817.28</ele>
      </trkpt>
      <trkpt lat="18.805711" lon="98.810336">
        <ele>817.94</ele>
      </trkpt>
      <trkpt lat="18.805759" lon="98.810174">
        <ele>819.89</ele>
      </trkpt>
      <trkpt lat="18.805759" lon="98.810069">
        <ele>821.27</ele>
      </trkpt>
      <trkpt lat="18.805748" lon="98.809995">
        <ele>822.32</ele>
      </trkpt>
      <trkpt lat="18.805699" lon="98.809916">
        <ele>822.65</ele>
      </trkpt>
      <trkpt lat="18.805618" lon="98.809815">
        <ele>822.75</ele>
      </trkpt>
      <trkpt lat="18.805517" lon="98.809714">
        <ele>822.15</ele>
      </trkpt>
      <trkpt lat="18.805225" lon="98.80937">
        <ele>820.87</ele>
      </trkpt>
      <trkpt lat="18.805048" lon="98.808828">
        <ele>817.83</ele>
      </trkpt>
      <trkpt lat="18.804975" lon="98.808698">
        <ele>817.54</ele>
      </trkpt>
      <trkpt lat="18.804905" lon="98.808432">
        <ele>818.36</ele>
      </trkpt>
      <trkpt lat="18.804928" lon="98.808205">
        <ele>819.29</ele>
      </trkpt>
      <trkpt lat="18.804947" lon="98.808143">
        <ele>819.31</ele>
      </trkpt>
      <trkpt lat="18.805185" lon="98.807809">
        <ele>819.09</ele>
      </trkpt>
      <trkpt lat="18.805406" lon="98.807676">
        <ele>815</ele>
      </trkpt>
      <trkpt lat="18.805635" lon="98.807538">
        <ele>806.53</ele>
      </trkpt>
      <trkpt lat="18.805803" lon="98.807363">
        <ele>799.07</ele>
      </trkpt>
      <trkpt lat="18.805864" lon="98.80731">
        <ele>795.91</ele>
      </trkpt>
      <trkpt lat="18.805895" lon="98.807115">
        <ele>791.66</ele>
      </trkpt>
      <trkpt lat="18.805884" lon="98.807003">
        <ele>789.2</ele>
      </trkpt>
      <trkpt lat="18.805708" lon="98.806702">
        <ele>786.11</ele>
      </trkpt>
      <trkpt lat="18.805528" lon="98.806537">
        <ele>787.38</ele>
      </trkpt>
      <trkpt lat="18.805448" lon="98.806356">
        <ele>785.45</ele>
      </trkpt>
      <trkpt lat="18.805395" lon="98.806162">
        <ele>783.16</ele>
      </trkpt>
      <trkpt lat="18.80538" lon="98.805787">
        <ele>777.37</ele>
      </trkpt>
      <trkpt lat="18.805347" lon="98.805686">
        <ele>777.03</ele>
      </trkpt>
      <trkpt lat="18.805307" lon="98.805597">
        <ele>777.2</ele>
      </trkpt>
      <trkpt lat="18.80517" lon="98.805382">
        <ele>777.98</ele>
      </trkpt>
      <trkpt lat="18.804895" lon="98.804951">
        <ele>775.99</ele>
      </trkpt>
      <trkpt lat="18.804855" lon="98.804858">
        <ele>774.7</ele>
      </trkpt>
      <trkpt lat="18.804846" lon="98.804797">
        <ele>772.88</ele>
      </trkpt>
      <trkpt lat="18.804863" lon="98.804749">
        <ele>769.62</ele>
      </trkpt>
      <trkpt lat="18.804915" lon="98.804745">
        <ele>765.26</ele>
      </trkpt>
      <trkpt lat="18.804964" lon="98.804777">
        <ele>762.7</ele>
      </trkpt>
      <trkpt lat="18.805004" lon="98.804826">
        <ele>761.45</ele>
      </trkpt>
      <trkpt lat="18.805065" lon="98.804866">
        <ele>758.27</ele>
      </trkpt>
      <trkpt lat="18.805125" lon="98.804918">
        <ele>757.33</ele>
      </trkpt>
      <trkpt lat="18.805232" lon="98.805049">
        <ele>757.44</ele>
      </trkpt>
      <trkpt lat="18.805355" lon="98.805129">
        <ele>756.39</ele>
      </trkpt>
      <trkpt lat="18.805441" lon="98.805141">
        <ele>754</ele>
      </trkpt>
      <trkpt lat="18.805521" lon="98.8051">
        <ele>749.92</ele>
      </trkpt>
      <trkpt lat="18.805533" lon="98.805032">
        <ele>746.67</ele>
      </trkpt>
      <trkpt lat="18.805513" lon="98.804979">
        <ele>745.27</ele>
      </trkpt>
      <trkpt lat="18.805473" lon="98.804931">
        <ele>744.3</ele>
      </trkpt>
      <trkpt lat="18.805388" lon="98.804789">
        <ele>740.73</ele>
      </trkpt>
      <trkpt lat="18.805238" lon="98.804587">
        <ele>739</ele>
      </trkpt>
      <trkpt lat="18.80523" lon="98.804527">
        <ele>737.49</ele>
      </trkpt>
      <trkpt lat="18.805267" lon="98.804474">
        <ele>734.94</ele>
      </trkpt>
      <trkpt lat="18.805368" lon="98.804426">
        <ele>730.92</ele>
      </trkpt>
      <trkpt lat="18.805469" lon="98.804365">
        <ele>727.91</ele>
      </trkpt>
      <trkpt lat="18.805489" lon="98.804304">
        <ele>726.12</ele>
      </trkpt>
      <trkpt lat="18.805481" lon="98.80424">
        <ele>724.52</ele>
      </trkpt>
      <trkpt lat="18.80538" lon="98.804151">
        <ele>723.17</ele>
      </trkpt>
      <trkpt lat="18.805117" lon="98.803989">
        <ele>725.67</ele>
      </trkpt>
      <trkpt lat="18.805044" lon="98.803937">
        <ele>726.6</ele>
      </trkpt>
      <trkpt lat="18.804996" lon="98.80386">
        <ele>726.5</ele>
      </trkpt>
      <trkpt lat="18.804947" lon="98.803739">
        <ele>725.24</ele>
      </trkpt>
      <trkpt lat="18.804903" lon="98.803509">
        <ele>720.93</ele>
      </trkpt>
      <trkpt lat="18.804834" lon="98.803307">
        <ele>718.27</ele>
      </trkpt>
      <trkpt lat="18.80479" lon="98.803206">
        <ele>716.7</ele>
      </trkpt>
      <trkpt lat="18.804721" lon="98.803105">
        <ele>715.41</ele>
      </trkpt>
      <trkpt lat="18.804552" lon="98.802931">
        <ele>713.46</ele>
      </trkpt>
      <trkpt lat="18.804212" lon="98.802711">
        <ele>713.08</ele>
      </trkpt>
      <trkpt lat="18.804174" lon="98.802636">
        <ele>709.5</ele>
      </trkpt>
      <trkpt lat="18.804202" lon="98.802572">
        <ele>704.63</ele>
      </trkpt>
      <trkpt lat="18.804288" lon="98.802541">
        <ele>699.62</ele>
      </trkpt>
      <trkpt lat="18.804408" lon="98.802572">
        <ele>696.71</ele>
      </trkpt>
      <trkpt lat="18.804555" lon="98.802629">
        <ele>694.69</ele>
      </trkpt>
      <trkpt lat="18.804668" lon="98.802684">
        <ele>693.71</ele>
      </trkpt>
      <trkpt lat="18.804898" lon="98.802813">
        <ele>692.66</ele>
      </trkpt>
      <trkpt lat="18.805174" lon="98.802939">
        <ele>687.32</ele>
      </trkpt>
      <trkpt lat="18.805267" lon="98.802971">
        <ele>685.47</ele>
      </trkpt>
      <trkpt lat="18.805327" lon="98.802971">
        <ele>684.3</ele>
      </trkpt>
      <trkpt lat="18.805388" lon="98.802951">
        <ele>682.31</ele>
      </trkpt>
      <trkpt lat="18.805408" lon="98.802903">
        <ele>680.06</ele>
      </trkpt>
      <trkpt lat="18.8054" lon="98.802858">
        <ele>678.36</ele>
      </trkpt>
      <trkpt lat="18.805339" lon="98.802769">
        <ele>676.33</ele>
      </trkpt>
      <trkpt lat="18.804681" lon="98.802196">
        <ele>669.68</ele>
      </trkpt>
      <trkpt lat="18.80458" lon="98.802095">
        <ele>668.09</ele>
      </trkpt>
      <trkpt lat="18.804499" lon="98.801961">
        <ele>664.36</ele>
      </trkpt>
      <trkpt lat="18.804422" lon="98.801812">
        <ele>660.64</ele>
      </trkpt>
      <trkpt lat="18.804374" lon="98.80161">
        <ele>655.56</ele>
      </trkpt>
      <trkpt lat="18.804382" lon="98.801287">
        <ele>650.3</ele>
      </trkpt>
      <trkpt lat="18.804491" lon="98.800857">
        <ele>645.3</ele>
      </trkpt>
      <trkpt lat="18.8046" lon="98.80041">
        <ele>635.65</ele>
      </trkpt>
      <trkpt lat="18.804572" lon="98.800067">
        <ele>629.36</ele>
      </trkpt>
      <trkpt lat="18.804471" lon="98.799752">
        <ele>627.47</ele>
      </trkpt>
      <trkpt lat="18.804346" lon="98.799512">
        <ele>625.65</ele>
      </trkpt>
      <trkpt lat="18.804098" lon="98.799031">
        <ele>615.17</ele>
      </trkpt>
      <trkpt lat="18.803849" lon="98.798551">
        <ele>608</ele>
      </trkpt>
      <trkpt lat="18.803725" lon="98.798311">
        <ele>601.4</ele>
      </trkpt>
      <trkpt lat="18.8036" lon="98.798071">
        <ele>591.62</ele>
      </trkpt>
      <trkpt lat="18.803476" lon="98.797831">
        <ele>583.93</ele>
      </trkpt>
      <trkpt lat="18.803352" lon="98.79759">
        <ele>580.69</ele>
      </trkpt>
      <trkpt lat="18.803311" lon="98.797494">
        <ele>579.81</ele>
      </trkpt>
      <trkpt lat="18.803194" lon="98.797138">
        <ele>576.89</ele>
      </trkpt>
      <trkpt lat="18.803126" lon="98.796822">
        <ele>574.06</ele>
      </trkpt>
      <trkpt lat="18.803109" lon="98.796664">
        <ele>570.81</ele>
      </trkpt>
      <trkpt lat="18.803069" lon="98.79657">
        <ele>568.78</ele>
      </trkpt>
      <trkpt lat="18.802998" lon="98.796458">
        <ele>566</ele>
      </trkpt>
      <trkpt lat="18.802895" lon="98.796372">
        <ele>563.32</ele>
      </trkpt>
      <trkpt lat="18.80265" lon="98.796341">
        <ele>558.18</ele>
      </trkpt>
      <trkpt lat="18.802338" lon="98.796338">
        <ele>556.26</ele>
      </trkpt>
      <trkpt lat="18.802176" lon="98.796288">
        <ele>557.32</ele>
      </trkpt>
      <trkpt lat="18.801998" lon="98.796178">
        <ele>558.34</ele>
      </trkpt>
      <trkpt lat="18.801801" lon="98.796023">
        <ele>556.47</ele>
      </trkpt>
      <trkpt lat="18.801607" lon="98.795892">
        <ele>554.88</ele>
      </trkpt>
      <trkpt lat="18.801367" lon="98.795764">
        <ele>553.61</ele>
      </trkpt>
      <trkpt lat="18.801172" lon="98.795709">
        <ele>554.54</ele>
      </trkpt>
      <trkpt lat="18.800964" lon="98.795674">
        <ele>554.41</ele>
      </trkpt>
      <trkpt lat="18.80048" lon="98.795684">
        <ele>552.63</ele>
      </trkpt>
      <trkpt lat="18.800148" lon="98.795664">
        <ele>547.1</ele>
      </trkpt>
      <trkpt lat="18.799812" lon="98.795581">
        <ele>539.74</ele>
      </trkpt>
      <trkpt lat="18.799707" lon="98.795537">
        <ele>539.14</ele>
      </trkpt>
      <trkpt lat="18.799669" lon="98.795507">
        <ele>538.82</ele>
      </trkpt>
      <trkpt lat="18.79964" lon="98.795434">
        <ele>536.93</ele>
      </trkpt>
      <trkpt lat="18.799612" lon="98.795311">
        <ele>534.66</ele>
      </trkpt>
      <trkpt lat="18.799664" lon="98.794948">
        <ele>531.26</ele>
      </trkpt>
      <trkpt lat="18.799704" lon="98.794092">
        <ele>531</ele>
      </trkpt>
      <trkpt lat="18.799704" lon="98.79383">
        <ele>531.33</ele>
      </trkpt>
      <trkpt lat="18.799752" lon="98.793413">
        <ele>532.63</ele>
      </trkpt>
      <trkpt lat="18.799793" lon="98.793252">
        <ele>533.23</ele>
      </trkpt>
      <trkpt lat="18.799845" lon="98.79311">
        <ele>534.31</ele>
      </trkpt>
      <trkpt lat="18.799906" lon="98.793001">
        <ele>535.75</ele>
      </trkpt>
      <trkpt lat="18.799973" lon="98.792921">
        <ele>537.41</ele>
      </trkpt>
      <trkpt lat="18.800046" lon="98.79286">
        <ele>539.17</ele>
      </trkpt>
      <trkpt lat="18.80014" lon="98.792801">
        <ele>541.35</ele>
      </trkpt>
      <trkpt lat="18.800255" lon="98.792773">
        <ele>542.74</ele>
      </trkpt>
      <trkpt lat="18.80034" lon="98.792769">
        <ele>543.32</ele>
      </trkpt>
      <trkpt lat="18.800442" lon="98.792788">
        <ele>544.43</ele>
      </trkpt>
      <trkpt lat="18.800552" lon="98.792836">
        <ele>544.81</ele>
      </trkpt>
      <trkpt lat="18.801098" lon="98.793001">
        <ele>551.81</ele>
      </trkpt>
      <trkpt lat="18.801199" lon="98.79303">
        <ele>553.79</ele>
      </trkpt>
      <trkpt lat="18.801308" lon="98.79305">
        <ele>555.96</ele>
      </trkpt>
      <trkpt lat="18.801441" lon="98.793062">
        <ele>557.65</ele>
      </trkpt>
      <trkpt lat="18.801752" lon="98.793062">
        <ele>560.89</ele>
      </trkpt>
      <trkpt lat="18.801852" lon="98.793034">
        <ele>561.73</ele>
      </trkpt>
      <trkpt lat="18.801958" lon="98.792993">
        <ele>562.44</ele>
      </trkpt>
      <trkpt lat="18.802031" lon="98.792953">
        <ele>562.78</ele>
      </trkpt>
      <trkpt lat="18.802112" lon="98.792892">
        <ele>563.34</ele>
      </trkpt>
      <trkpt lat="18.802213" lon="98.792771">
        <ele>564.84</ele>
      </trkpt>
      <trkpt lat="18.802346" lon="98.792509">
        <ele>567.33</ele>
      </trkpt>
      <trkpt lat="18.802446" lon="98.792201">
        <ele>573.73</ele>
      </trkpt>
      <trkpt lat="18.802754" lon="98.791922">
        <ele>578.67</ele>
      </trkpt>
      <trkpt lat="18.803158" lon="98.791735">
        <ele>575.31</ele>
      </trkpt>
      <trkpt lat="18.803334" lon="98.79164">
        <ele>573.62</ele>
      </trkpt>
      <trkpt lat="18.803563" lon="98.791575">
        <ele>570.43</ele>
      </trkpt>
      <trkpt lat="18.803807" lon="98.791527">
        <ele>569.61</ele>
      </trkpt>
      <trkpt lat="18.804393" lon="98.791493">
        <ele>573.5</ele>
      </trkpt>
      <trkpt lat="18.80498" lon="98.791458">
        <ele>574.49</ele>
      </trkpt>
      <trkpt lat="18.805582" lon="98.791357">
        <ele>579.84</ele>
      </trkpt>
      <trkpt lat="18.805897" lon="98.791268">
        <ele>585.82</ele>
      </trkpt>
      <trkpt lat="18.806058" lon="98.791228">
        <ele>585.65</ele>
      </trkpt>
      <trkpt lat="18.806337" lon="98.791074">
        <ele>582.44</ele>
      </trkpt>
      <trkpt lat="18.806458" lon="98.790973">
        <ele>580.89</ele>
      </trkpt>
      <trkpt lat="18.8066" lon="98.790824">
        <ele>579.92</ele>
      </trkpt>
      <trkpt lat="18.806781" lon="98.790662">
        <ele>579.48</ele>
      </trkpt>
      <trkpt lat="18.806882" lon="98.790549">
        <ele>579.71</ele>
      </trkpt>
      <trkpt lat="18.807198" lon="98.790258">
        <ele>583.19</ele>
      </trkpt>
      <trkpt lat="18.807299" lon="98.790152">
        <ele>584.43</ele>
      </trkpt>
      <trkpt lat="18.807454" lon="98.790028">
        <ele>586.62</ele>
      </trkpt>
      <trkpt lat="18.807604" lon="98.789958">
        <ele>588.38</ele>
      </trkpt>
      <trkpt lat="18.808201" lon="98.789785">
        <ele>596.36</ele>
      </trkpt>
      <trkpt lat="18.808971" lon="98.789709">
        <ele>610.47</ele>
      </trkpt>
      <trkpt lat="18.809492" lon="98.789655">
        <ele>617.03</ele>
      </trkpt>
      <trkpt lat="18.809896" lon="98.789628">
        <ele>625.71</ele>
      </trkpt>
      <trkpt lat="18.810078" lon="98.789604">
        <ele>629.64</ele>
      </trkpt>
      <trkpt lat="18.810312" lon="98.789527">
        <ele>635.31</ele>
      </trkpt>
      <trkpt lat="18.810462" lon="98.789434">
        <ele>639.73</ele>
      </trkpt>
      <trkpt lat="18.810611" lon="98.789315">
        <ele>645.34</ele>
      </trkpt>
      <trkpt lat="18.810781" lon="98.789228">
        <ele>650.36</ele>
      </trkpt>
      <trkpt lat="18.810931" lon="98.789197">
        <ele>651.35</ele>
      </trkpt>
      <trkpt lat="18.811233" lon="98.789194">
        <ele>650.41</ele>
      </trkpt>
      <trkpt lat="18.811356" lon="98.789221">
        <ele>649.42</ele>
      </trkpt>
      <trkpt lat="18.811517" lon="98.789309">
        <ele>647.82</ele>
      </trkpt>
      <trkpt lat="18.811631" lon="98.789391">
        <ele>647.28</ele>
      </trkpt>
      <trkpt lat="18.811884" lon="98.789639">
        <ele>648.21</ele>
      </trkpt>
      <trkpt lat="18.811995" lon="98.789704">
        <ele>649.56</ele>
      </trkpt>
      <trkpt lat="18.81216" lon="98.78973">
        <ele>653.2</ele>
      </trkpt>
      <trkpt lat="18.812745" lon="98.78966">
        <ele>668.83</ele>
      </trkpt>
      <trkpt lat="18.813562" lon="98.789743">
        <ele>668.51</ele>
      </trkpt>
      <trkpt lat="18.813983" lon="98.78965">
        <ele>676.19</ele>
      </trkpt>
      <trkpt lat="18.814334" lon="98.789581">
        <ele>679.86</ele>
      </trkpt>
      <trkpt lat="18.814658" lon="98.789586">
        <ele>680.31</ele>
      </trkpt>
      <trkpt lat="18.815156" lon="98.789661">
        <ele>680.72</ele>
      </trkpt>
      <trkpt lat="18.815451" lon="98.789665">
        <ele>681.49</ele>
      </trkpt>
      <trkpt lat="18.815568" lon="98.789644">
        <ele>682.05</ele>
      </trkpt>
      <trkpt lat="18.815669" lon="98.789616">
        <ele>682.88</ele>
      </trkpt>
      <trkpt lat="18.816065" lon="98.789455">
        <ele>690.36</ele>
      </trkpt>
      <trkpt lat="18.816154" lon="98.789442">
        <ele>691.33</ele>
      </trkpt>
      <trkpt lat="18.816275" lon="98.789442">
        <ele>692.81</ele>
      </trkpt>
      <trkpt lat="18.816638" lon="98.789451">
        <ele>692.54</ele>
      </trkpt>
      <trkpt lat="18.816852" lon="98.789382">
        <ele>693.4</ele>
      </trkpt>
      <trkpt lat="18.816982" lon="98.789362">
        <ele>692.44</ele>
      </trkpt>
      <trkpt lat="18.817224" lon="98.789362">
        <ele>690.43</ele>
      </trkpt>
      <trkpt lat="18.817386" lon="98.789394">
        <ele>690</ele>
      </trkpt>
      <trkpt lat="18.817511" lon="98.789434">
        <ele>690.56</ele>
      </trkpt>
      <trkpt lat="18.817648" lon="98.789463">
        <ele>692.05</ele>
      </trkpt>
      <trkpt lat="18.817749" lon="98.789463">
        <ele>693.49</ele>
      </trkpt>
      <trkpt lat="18.817862" lon="98.789451">
        <ele>694.21</ele>
      </trkpt>
      <trkpt lat="18.817983" lon="98.789382">
        <ele>696.71</ele>
      </trkpt>
      <trkpt lat="18.818084" lon="98.789301">
        <ele>698.76</ele>
      </trkpt>
      <trkpt lat="18.818274" lon="98.789111">
        <ele>702.67</ele>
      </trkpt>
      <trkpt lat="18.818436" lon="98.788978">
        <ele>711.64</ele>
      </trkpt>
      <trkpt lat="18.818537" lon="98.788917">
        <ele>712.65</ele>
      </trkpt>
      <trkpt lat="18.81867" lon="98.788869">
        <ele>713.45</ele>
      </trkpt>
      <trkpt lat="18.818945" lon="98.788897">
        <ele>713.01</ele>
      </trkpt>
      <trkpt lat="18.819074" lon="98.788889">
        <ele>714.08</ele>
      </trkpt>
      <trkpt lat="18.819163" lon="98.788869">
        <ele>715.14</ele>
      </trkpt>
      <trkpt lat="18.819256" lon="98.788837">
        <ele>716.46</ele>
      </trkpt>
      <trkpt lat="18.819357" lon="98.788776">
        <ele>717.92</ele>
      </trkpt>
      <trkpt lat="18.819587" lon="98.788614">
        <ele>720.15</ele>
      </trkpt>
      <trkpt lat="18.819708" lon="98.78855">
        <ele>720.12</ele>
      </trkpt>
      <trkpt lat="18.819801" lon="98.788493">
        <ele>721.62</ele>
      </trkpt>
      <trkpt lat="18.819882" lon="98.788465">
        <ele>721.8</ele>
      </trkpt>
      <trkpt lat="18.820084" lon="98.788465">
        <ele>720.73</ele>
      </trkpt>
      <trkpt lat="18.820326" lon="98.788453">
        <ele>718.79</ele>
      </trkpt>
      <trkpt lat="18.820387" lon="98.788433">
        <ele>717.9</ele>
      </trkpt>
      <trkpt lat="18.820436" lon="98.788392">
        <ele>717.18</ele>
      </trkpt>
      <trkpt lat="18.820537" lon="98.788271">
        <ele>716.11</ele>
      </trkpt>
      <trkpt lat="18.820589" lon="98.788222">
        <ele>715.38</ele>
      </trkpt>
      <trkpt lat="18.820872" lon="98.787895">
        <ele>714.51</ele>
      </trkpt>
      <trkpt lat="18.820932" lon="98.787847">
        <ele>714.61</ele>
      </trkpt>
      <trkpt lat="18.821102" lon="98.787746">
        <ele>715.98</ele>
      </trkpt>
      <trkpt lat="18.821195" lon="98.787705">
        <ele>718.06</ele>
      </trkpt>
      <trkpt lat="18.821417" lon="98.787685">
        <ele>723.78</ele>
      </trkpt>
      <trkpt lat="18.821736" lon="98.787681">
        <ele>729.55</ele>
      </trkpt>
      <trkpt lat="18.821837" lon="98.787661">
        <ele>730.76</ele>
      </trkpt>
      <trkpt lat="18.821898" lon="98.787641">
        <ele>731.62</ele>
      </trkpt>
      <trkpt lat="18.82206" lon="98.78752">
        <ele>734.49</ele>
      </trkpt>
      <trkpt lat="18.822173" lon="98.787358">
        <ele>737.35</ele>
      </trkpt>
      <trkpt lat="18.822233" lon="98.787136">
        <ele>739.82</ele>
      </trkpt>
      <trkpt lat="18.822241" lon="98.786805">
        <ele>745.9</ele>
      </trkpt>
      <trkpt lat="18.822261" lon="98.786663">
        <ele>747.99</ele>
      </trkpt>
      <trkpt lat="18.822342" lon="98.78636">
        <ele>752.67</ele>
      </trkpt>
      <trkpt lat="18.822403" lon="98.785722">
        <ele>763.53</ele>
      </trkpt>
      <trkpt lat="18.822528" lon="98.785217">
        <ele>770.56</ele>
      </trkpt>
      <trkpt lat="18.822556" lon="98.784801">
        <ele>776.9</ele>
      </trkpt>
      <trkpt lat="18.822577" lon="98.784684">
        <ele>778.77</ele>
      </trkpt>
      <trkpt lat="18.822605" lon="98.784583">
        <ele>780.04</ele>
      </trkpt>
      <trkpt lat="18.822686" lon="98.784409">
        <ele>784.04</ele>
      </trkpt>
      <trkpt lat="18.822738" lon="98.784328">
        <ele>785.79</ele>
      </trkpt>
      <trkpt lat="18.822799" lon="98.784268">
        <ele>786.66</ele>
      </trkpt>
      <trkpt lat="18.82288" lon="98.784207">
        <ele>787.96</ele>
      </trkpt>
      <trkpt lat="18.823049" lon="98.784134">
        <ele>788.66</ele>
      </trkpt>
      <trkpt lat="18.823142" lon="98.784106">
        <ele>788.65</ele>
      </trkpt>
      <trkpt lat="18.823223" lon="98.784106">
        <ele>788.83</ele>
      </trkpt>
      <trkpt lat="18.823292" lon="98.784126">
        <ele>788.97</ele>
      </trkpt>
      <trkpt lat="18.823324" lon="98.784155">
        <ele>789.72</ele>
      </trkpt>
      <trkpt lat="18.823344" lon="98.784215">
        <ele>790.52</ele>
      </trkpt>
      <trkpt lat="18.823296" lon="98.784348">
        <ele>790.1</ele>
      </trkpt>
      <trkpt lat="18.823243" lon="98.784449">
        <ele>789.72</ele>
      </trkpt>
      <trkpt lat="18.823215" lon="98.784558">
        <ele>789.29</ele>
      </trkpt>
      <trkpt lat="18.823203" lon="98.784659">
        <ele>789.01</ele>
      </trkpt>
      <trkpt lat="18.823223" lon="98.784821">
        <ele>788.95</ele>
      </trkpt>
      <trkpt lat="18.823263" lon="98.784914">
        <ele>789.11</ele>
      </trkpt>
      <trkpt lat="18.823393" lon="98.785055">
        <ele>790.91</ele>
      </trkpt>
      <trkpt lat="18.823554" lon="98.785136">
        <ele>793.29</ele>
      </trkpt>
      <trkpt lat="18.823647" lon="98.785144">
        <ele>794.79</ele>
      </trkpt>
      <trkpt lat="18.823849" lon="98.785136">
        <ele>795.12</ele>
      </trkpt>
      <trkpt lat="18.823938" lon="98.785096">
        <ele>795.48</ele>
      </trkpt>
      <trkpt lat="18.824039" lon="98.785035">
        <ele>794.93</ele>
      </trkpt>
      <trkpt lat="18.82412" lon="98.784966">
        <ele>794.83</ele>
      </trkpt>
      <trkpt lat="18.824205" lon="98.784874">
        <ele>793.89</ele>
      </trkpt>
      <trkpt lat="18.824487" lon="98.784369">
        <ele>794.99</ele>
      </trkpt>
      <trkpt lat="18.824605" lon="98.784155">
        <ele>797.64</ele>
      </trkpt>
      <trkpt lat="18.824665" lon="98.784094">
        <ele>798.29</ele>
      </trkpt>
      <trkpt lat="18.824746" lon="98.784033">
        <ele>799.25</ele>
      </trkpt>
      <trkpt lat="18.824847" lon="98.783973">
        <ele>800.74</ele>
      </trkpt>
      <trkpt lat="18.824988" lon="98.783904">
        <ele>802.93</ele>
      </trkpt>
      <trkpt lat="18.82583" lon="98.78378">
        <ele>806.18</ele>
      </trkpt>
      <trkpt lat="18.82616" lon="98.78373">
        <ele>804.32</ele>
      </trkpt>
      <trkpt lat="18.826273" lon="98.783702">
        <ele>803.45</ele>
      </trkpt>
      <trkpt lat="18.826414" lon="98.783641">
        <ele>803.15</ele>
      </trkpt>
      <trkpt lat="18.826616" lon="98.783496">
        <ele>805.79</ele>
      </trkpt>
      <trkpt lat="18.826806" lon="98.783306">
        <ele>809.99</ele>
      </trkpt>
      <trkpt lat="18.82702" lon="98.783076">
        <ele>814.84</ele>
      </trkpt>
      <trkpt lat="18.827291" lon="98.782842">
        <ele>821.55</ele>
      </trkpt>
      <trkpt lat="18.827384" lon="98.782801">
        <ele>821.43</ele>
      </trkpt>
      <trkpt lat="18.827485" lon="98.782781">
        <ele>820.91</ele>
      </trkpt>
      <trkpt lat="18.828042" lon="98.782603">
        <ele>828.92</ele>
      </trkpt>
      <trkpt lat="18.82818" lon="98.782571">
        <ele>829.96</ele>
      </trkpt>
      <trkpt lat="18.828313" lon="98.782559">
        <ele>831.44</ele>
      </trkpt>
      <trkpt lat="18.828414" lon="98.782559">
        <ele>832.93</ele>
      </trkpt>
      <trkpt lat="18.828632" lon="98.782587">
        <ele>835.31</ele>
      </trkpt>
      <trkpt lat="18.828765" lon="98.782587">
        <ele>836.83</ele>
      </trkpt>
      <trkpt lat="18.828907" lon="98.782575">
        <ele>838.47</ele>
      </trkpt>
      <trkpt lat="18.829016" lon="98.782547">
        <ele>840.29</ele>
      </trkpt>
      <trkpt lat="18.829152" lon="98.782475">
        <ele>844.63</ele>
      </trkpt>
      <trkpt lat="18.829428" lon="98.782355">
        <ele>852.64</ele>
      </trkpt>
      <trkpt lat="18.829697" lon="98.78228">
        <ele>857.32</ele>
      </trkpt>
      <trkpt lat="18.829963" lon="98.782226">
        <ele>864.01</ele>
      </trkpt>
      <trkpt lat="18.830543" lon="98.782127">
        <ele>877.05</ele>
      </trkpt>
      <trkpt lat="18.831031" lon="98.782112">
        <ele>880.2</ele>
      </trkpt>
      <trkpt lat="18.831391" lon="98.782035">
        <ele>888.79</ele>
      </trkpt>
      <trkpt lat="18.831508" lon="98.782">
        <ele>892.64</ele>
      </trkpt>
      <trkpt lat="18.831722" lon="98.781983">
        <ele>896.26</ele>
      </trkpt>
      <trkpt lat="18.831868" lon="98.781992">
        <ele>897.37</ele>
      </trkpt>
      <trkpt lat="18.832095" lon="98.782033">
        <ele>898.8</ele>
      </trkpt>
      <trkpt lat="18.832196" lon="98.782076">
        <ele>898.41</ele>
      </trkpt>
      <trkpt lat="18.832327" lon="98.782119">
        <ele>899.42</ele>
      </trkpt>
      <trkpt lat="18.832703" lon="98.782302">
        <ele>902.54</ele>
      </trkpt>
      <trkpt lat="18.832817" lon="98.782382">
        <ele>903.84</ele>
      </trkpt>
      <trkpt lat="18.832908" lon="98.782467">
        <ele>904.85</ele>
      </trkpt>
      <trkpt lat="18.832979" lon="98.782563">
        <ele>905.78</ele>
      </trkpt>
      <trkpt lat="18.8331" lon="98.782777">
        <ele>907.52</ele>
      </trkpt>
      <trkpt lat="18.83314" lon="98.782886">
        <ele>907.79</ele>
      </trkpt>
      <trkpt lat="18.833233" lon="98.783201">
        <ele>908.27</ele>
      </trkpt>
      <trkpt lat="18.833342" lon="98.783512">
        <ele>908.43</ele>
      </trkpt>
      <trkpt lat="18.833403" lon="98.783625">
        <ele>908.11</ele>
      </trkpt>
      <trkpt lat="18.833464" lon="98.783694">
        <ele>908.46</ele>
      </trkpt>
      <trkpt lat="18.833524" lon="98.783747">
        <ele>908.75</ele>
      </trkpt>
      <trkpt lat="18.833585" lon="98.783775">
        <ele>909.07</ele>
      </trkpt>
      <trkpt lat="18.833694" lon="98.783807">
        <ele>909.47</ele>
      </trkpt>
      <trkpt lat="18.833835" lon="98.783779">
        <ele>910.8</ele>
      </trkpt>
      <trkpt lat="18.833936" lon="98.783726">
        <ele>911.1</ele>
      </trkpt>
      <trkpt lat="18.833994" lon="98.783679">
        <ele>911.34</ele>
      </trkpt>
      <trkpt lat="18.834203" lon="98.78333">
        <ele>918.71</ele>
      </trkpt>
      <trkpt lat="18.834312" lon="98.783209">
        <ele>923.64</ele>
      </trkpt>
      <trkpt lat="18.83436" lon="98.783169">
        <ele>925.46</ele>
      </trkpt>
      <trkpt lat="18.834433" lon="98.783137">
        <ele>927.3</ele>
      </trkpt>
      <trkpt lat="18.834582" lon="98.783116">
        <ele>929.01</ele>
      </trkpt>
      <trkpt lat="18.834655" lon="98.783124">
        <ele>929.3</ele>
      </trkpt>
      <trkpt lat="18.834736" lon="98.783145">
        <ele>929.49</ele>
      </trkpt>
      <trkpt lat="18.834877" lon="98.783238">
        <ele>928.68</ele>
      </trkpt>
      <trkpt lat="18.835128" lon="98.78346">
        <ele>928.21</ele>
      </trkpt>
      <trkpt lat="18.835229" lon="98.783508">
        <ele>928.72</ele>
      </trkpt>
      <trkpt lat="18.83531" lon="98.783528">
        <ele>929.25</ele>
      </trkpt>
      <trkpt lat="18.835382" lon="98.783528">
        <ele>930.14</ele>
      </trkpt>
      <trkpt lat="18.835443" lon="98.78352">
        <ele>931.07</ele>
      </trkpt>
      <trkpt lat="18.835491" lon="98.7835">
        <ele>932.14</ele>
      </trkpt>
      <trkpt lat="18.835915" lon="98.783294">
        <ele>943.48</ele>
      </trkpt>
      <trkpt lat="18.836087" lon="98.783247">
        <ele>945.78</ele>
      </trkpt>
      <trkpt lat="18.836623" lon="98.783186">
        <ele>950.84</ele>
      </trkpt>
      <trkpt lat="18.837008" lon="98.783114">
        <ele>952.14</ele>
      </trkpt>
      <trkpt lat="18.83709" lon="98.783075">
        <ele>952.53</ele>
      </trkpt>
      <trkpt lat="18.837197" lon="98.782997">
        <ele>953.7</ele>
      </trkpt>
      <trkpt lat="18.837275" lon="98.782882">
        <ele>955.02</ele>
      </trkpt>
      <trkpt lat="18.83743" lon="98.782557">
        <ele>955.34</ele>
      </trkpt>
      <trkpt lat="18.837572" lon="98.78226">
        <ele>952.36</ele>
      </trkpt>
      <trkpt lat="18.837681" lon="98.78211">
        <ele>951.57</ele>
      </trkpt>
      <trkpt lat="18.837834" lon="98.781941">
        <ele>951.24</ele>
      </trkpt>
      <trkpt lat="18.837966" lon="98.78184">
        <ele>952.31</ele>
      </trkpt>
      <trkpt lat="18.838166" lon="98.781761">
        <ele>951.99</ele>
      </trkpt>
      <trkpt lat="18.838261" lon="98.781752">
        <ele>951.92</ele>
      </trkpt>
      <trkpt lat="18.838427" lon="98.781747">
        <ele>949.46</ele>
      </trkpt>
      <trkpt lat="18.838595" lon="98.7818">
        <ele>948.57</ele>
      </trkpt>
      <trkpt lat="18.838761" lon="98.781879">
        <ele>948.97</ele>
      </trkpt>
      <trkpt lat="18.838907" lon="98.781999">
        <ele>951.08</ele>
      </trkpt>
      <trkpt lat="18.839073" lon="98.782094">
        <ele>950.79</ele>
      </trkpt>
      <trkpt lat="18.839296" lon="98.782198">
        <ele>949.08</ele>
      </trkpt>
      <trkpt lat="18.839382" lon="98.782222">
        <ele>948.84</ele>
      </trkpt>
      <trkpt lat="18.839477" lon="98.782222">
        <ele>948.37</ele>
      </trkpt>
      <trkpt lat="18.839619" lon="98.782189">
        <ele>947.69</ele>
      </trkpt>
      <trkpt lat="18.840009" lon="98.781989">
        <ele>948.46</ele>
      </trkpt>
      <trkpt lat="18.840175" lon="98.781856">
        <ele>948.38</ele>
      </trkpt>
      <trkpt lat="18.840317" lon="98.781737">
        <ele>945.95</ele>
      </trkpt>
      <trkpt lat="18.840484" lon="98.781571">
        <ele>941.54</ele>
      </trkpt>
      <trkpt lat="18.840522" lon="98.7815">
        <ele>939.56</ele>
      </trkpt>
      <trkpt lat="18.840617" lon="98.781381">
        <ele>938.73</ele>
      </trkpt>
      <trkpt lat="18.840688" lon="98.781277">
        <ele>937.36</ele>
      </trkpt>
      <trkpt lat="18.840759" lon="98.781206">
        <ele>936.51</ele>
      </trkpt>
      <trkpt lat="18.840866" lon="98.781122">
        <ele>934.02</ele>
      </trkpt>
      <trkpt lat="18.84094" lon="98.781091">
        <ele>932.67</ele>
      </trkpt>
      <trkpt lat="18.841374" lon="98.780986">
        <ele>924.48</ele>
      </trkpt>
      <trkpt lat="18.841639" lon="98.780902">
        <ele>919.69</ele>
      </trkpt>
      <trkpt lat="18.841762" lon="98.780854">
        <ele>917.79</ele>
      </trkpt>
      <trkpt lat="18.841878" lon="98.780797">
        <ele>915.87</ele>
      </trkpt>
      <trkpt lat="18.841999" lon="98.78072">
        <ele>914.66</ele>
      </trkpt>
      <trkpt lat="18.842109" lon="98.780642">
        <ele>914.94</ele>
      </trkpt>
      <trkpt lat="18.842185" lon="98.780558">
        <ele>914.83</ele>
      </trkpt>
      <trkpt lat="18.842261" lon="98.780461">
        <ele>916.21</ele>
      </trkpt>
      <trkpt lat="18.842316" lon="98.780359">
        <ele>917.25</ele>
      </trkpt>
      <trkpt lat="18.842341" lon="98.780243">
        <ele>917.04</ele>
      </trkpt>
      <trkpt lat="18.842353" lon="98.780104">
        <ele>916.4</ele>
      </trkpt>
      <trkpt lat="18.842345" lon="98.779957">
        <ele>914.95</ele>
      </trkpt>
      <trkpt lat="18.842358" lon="98.779516">
        <ele>913.09</ele>
      </trkpt>
      <trkpt lat="18.842374" lon="98.779234">
        <ele>910.85</ele>
      </trkpt>
      <trkpt lat="18.842389" lon="98.779139">
        <ele>910.08</ele>
      </trkpt>
      <trkpt lat="18.842427" lon="98.779035">
        <ele>910.16</ele>
      </trkpt>
      <trkpt lat="18.842511" lon="98.778931">
        <ele>911.22</ele>
      </trkpt>
      <trkpt lat="18.8426" lon="98.778876">
        <ele>912.75</ele>
      </trkpt>
      <trkpt lat="18.842697" lon="98.778838">
        <ele>913.57</ele>
      </trkpt>
      <trkpt lat="18.842796" lon="98.778809">
        <ele>913.21</ele>
      </trkpt>
      <trkpt lat="18.84292" lon="98.7788">
        <ele>911.43</ele>
      </trkpt>
      <trkpt lat="18.843194" lon="98.778821">
        <ele>907.1</ele>
      </trkpt>
      <trkpt lat="18.843294" lon="98.778813">
        <ele>905</ele>
      </trkpt>
      <trkpt lat="18.843383" lon="98.778801">
        <ele>902.95</ele>
      </trkpt>
      <trkpt lat="18.843456" lon="98.778777">
        <ele>900.77</ele>
      </trkpt>
      <trkpt lat="18.843605" lon="98.778709">
        <ele>898.95</ele>
      </trkpt>
      <trkpt lat="18.843668" lon="98.778654">
        <ele>898.54</ele>
      </trkpt>
      <trkpt lat="18.843733" lon="98.778583">
        <ele>898.86</ele>
      </trkpt>
      <trkpt lat="18.844142" lon="98.777962">
        <ele>897.94</ele>
      </trkpt>
      <trkpt lat="18.844521" lon="98.777385">
        <ele>892.89</ele>
      </trkpt>
      <trkpt lat="18.844605" lon="98.777175">
        <ele>889.06</ele>
      </trkpt>
      <trkpt lat="18.844626" lon="98.777091">
        <ele>888.22</ele>
      </trkpt>
      <trkpt lat="18.844639" lon="98.776995">
        <ele>887.25</ele>
      </trkpt>
      <trkpt lat="18.844639" lon="98.776923">
        <ele>886.83</ele>
      </trkpt>
      <trkpt lat="18.84452" lon="98.776355">
        <ele>878.01</ele>
      </trkpt>
      <trkpt lat="18.844512" lon="98.776195">
        <ele>874.52</ele>
      </trkpt>
      <trkpt lat="18.844525" lon="98.776112">
        <ele>873.43</ele>
      </trkpt>
      <trkpt lat="18.844576" lon="98.775965">
        <ele>872.58</ele>
      </trkpt>
      <trkpt lat="18.844597" lon="98.775881">
        <ele>871.4</ele>
      </trkpt>
      <trkpt lat="18.84459" lon="98.775693">
        <ele>868.22</ele>
      </trkpt>
      <trkpt lat="18.844571" lon="98.775559">
        <ele>866.49</ele>
      </trkpt>
      <trkpt lat="18.844526" lon="98.775451">
        <ele>864.54</ele>
      </trkpt>
      <trkpt lat="18.844355" lon="98.775135">
        <ele>859.35</ele>
      </trkpt>
      <trkpt lat="18.844255" lon="98.77497">
        <ele>855.74</ele>
      </trkpt>
      <trkpt lat="18.844184" lon="98.774813">
        <ele>852.91</ele>
      </trkpt>
      <trkpt lat="18.844142" lon="98.774683">
        <ele>850.63</ele>
      </trkpt>
      <trkpt lat="18.844121" lon="98.774531">
        <ele>849.17</ele>
      </trkpt>
      <trkpt lat="18.844128" lon="98.774378">
        <ele>848.1</ele>
      </trkpt>
      <trkpt lat="18.844174" lon="98.774227">
        <ele>847</ele>
      </trkpt>
      <trkpt lat="18.844253" lon="98.774092">
        <ele>844.9</ele>
      </trkpt>
      <trkpt lat="18.844356" lon="98.773988">
        <ele>843.28</ele>
      </trkpt>
      <trkpt lat="18.844488" lon="98.773891">
        <ele>842.06</ele>
      </trkpt>
      <trkpt lat="18.844621" lon="98.773807">
        <ele>840.75</ele>
      </trkpt>
      <trkpt lat="18.844786" lon="98.773726">
        <ele>839.15</ele>
      </trkpt>
      <trkpt lat="18.845096" lon="98.77355">
        <ele>834.23</ele>
      </trkpt>
      <trkpt lat="18.84525" lon="98.773809">
        <ele>841.06</ele>
      </trkpt>
      <trkpt lat="18.845378" lon="98.773861">
        <ele>842.93</ele>
      </trkpt>
      <trkpt lat="18.845571" lon="98.77384">
        <ele>844.49</ele>
      </trkpt>
      <trkpt lat="18.845801" lon="98.773717">
        <ele>843.11</ele>
      </trkpt>
      <trkpt lat="18.846056" lon="98.773698">
        <ele>844.15</ele>
      </trkpt>
      <trkpt lat="18.846395" lon="98.773845">
        <ele>853.79</ele>
      </trkpt>
      <trkpt lat="18.846629" lon="98.773835">
        <ele>857.67</ele>
      </trkpt>
      <trkpt lat="18.846821" lon="98.773659">
        <ele>859.21</ele>
      </trkpt>
      <trkpt lat="18.847002" lon="98.773354">
        <ele>863.88</ele>
      </trkpt>
      <trkpt lat="18.847055" lon="98.773057">
        <ele>865.46</ele>
      </trkpt>
      <trkpt lat="18.847045" lon="98.772592">
        <ele>865.53</ele>
      </trkpt>
      <trkpt lat="18.847114" lon="98.772458">
        <ele>864.95</ele>
      </trkpt>
      <trkpt lat="18.847222" lon="98.772421">
        <ele>865.65</ele>
      </trkpt>
      <trkpt lat="18.847329" lon="98.772463">
        <ele>867.37</ele>
      </trkpt>
      <trkpt lat="18.847467" lon="98.772656">
        <ele>872.39</ele>
      </trkpt>
      <trkpt lat="18.847552" lon="98.772712">
        <ele>874.64</ele>
      </trkpt>
      <trkpt lat="18.847724" lon="98.772727">
        <ele>878.31</ele>
      </trkpt>
      <trkpt lat="18.847784" lon="98.772742">
        <ele>880.58</ele>
      </trkpt>
      <trkpt lat="18.84794" lon="98.772687">
        <ele>882.22</ele>
      </trkpt>
      <trkpt lat="18.848159" lon="98.772575">
        <ele>884.37</ele>
      </trkpt>
      <trkpt lat="18.848437" lon="98.772332">
        <ele>883.8</ele>
      </trkpt>
      <trkpt lat="18.84858" lon="98.772223">
        <ele>883.06</ele>
      </trkpt>
      <trkpt lat="18.848938" lon="98.772151">
        <ele>887.38</ele>
      </trkpt>
      <trkpt lat="18.849321" lon="98.772123">
        <ele>897.25</ele>
      </trkpt>
      <trkpt lat="18.84952" lon="98.771995">
        <ele>899.59</ele>
      </trkpt>
      <trkpt lat="18.849648" lon="98.771842">
        <ele>901.04</ele>
      </trkpt>
      <trkpt lat="18.849763" lon="98.771451">
        <ele>899</ele>
      </trkpt>
      <trkpt lat="18.84983" lon="98.771348">
        <ele>897.97</ele>
      </trkpt>
      <trkpt lat="18.849944" lon="98.771288">
        <ele>897.75</ele>
      </trkpt>
      <trkpt lat="18.850054" lon="98.771287">
        <ele>898.5</ele>
      </trkpt>
      <trkpt lat="18.850207" lon="98.771404">
        <ele>902.66</ele>
      </trkpt>
      <trkpt lat="18.850396" lon="98.771637">
        <ele>908.16</ele>
      </trkpt>
      <trkpt lat="18.850563" lon="98.771756">
        <ele>909.37</ele>
      </trkpt>
      <trkpt lat="18.850991" lon="98.771927">
        <ele>911.57</ele>
      </trkpt>
      <trkpt lat="18.851251" lon="98.772009">
        <ele>914.26</ele>
      </trkpt>
      <trkpt lat="18.851575" lon="98.772065">
        <ele>918.26</ele>
      </trkpt>
      <trkpt lat="18.851697" lon="98.772054">
        <ele>920.33</ele>
      </trkpt>
      <trkpt lat="18.851902" lon="98.771972">
        <ele>923.09</ele>
      </trkpt>
      <trkpt lat="18.852163" lon="98.771893">
        <ele>925.78</ele>
      </trkpt>
      <trkpt lat="18.853206" lon="98.771575">
        <ele>931.48</ele>
      </trkpt>
      <trkpt lat="18.853467" lon="98.771495">
        <ele>930.73</ele>
      </trkpt>
      <trkpt lat="18.853619" lon="98.771483">
        <ele>931.27</ele>
      </trkpt>
      <trkpt lat="18.853835" lon="98.771507">
        <ele>933.89</ele>
      </trkpt>
      <trkpt lat="18.853909" lon="98.771537">
        <ele>935.59</ele>
      </trkpt>
      <trkpt lat="18.854021" lon="98.771619">
        <ele>938.51</ele>
      </trkpt>
      <trkpt lat="18.854069" lon="98.771693">
        <ele>940.04</ele>
      </trkpt>
      <trkpt lat="18.854125" lon="98.771872">
        <ele>943.06</ele>
      </trkpt>
      <trkpt lat="18.854132" lon="98.771972">
        <ele>944.43</ele>
      </trkpt>
      <trkpt lat="18.854169" lon="98.772158">
        <ele>946.16</ele>
      </trkpt>
      <trkpt lat="18.854199" lon="98.772251">
        <ele>946.73</ele>
      </trkpt>
      <trkpt lat="18.854318" lon="98.772474">
        <ele>945.82</ele>
      </trkpt>
      <trkpt lat="18.854337" lon="98.772596">
        <ele>946.39</ele>
      </trkpt>
      <trkpt lat="18.854329" lon="98.772715">
        <ele>947.64</ele>
      </trkpt>
      <trkpt lat="18.854273" lon="98.772838">
        <ele>949.6</ele>
      </trkpt>
      <trkpt lat="18.854229" lon="98.77292">
        <ele>950.86</ele>
      </trkpt>
      <trkpt lat="18.854125" lon="98.773069">
        <ele>954.46</ele>
      </trkpt>
      <trkpt lat="18.854069" lon="98.773124">
        <ele>956.21</ele>
      </trkpt>
      <trkpt lat="18.854006" lon="98.77321">
        <ele>958.37</ele>
      </trkpt>
      <trkpt lat="18.853976" lon="98.773273">
        <ele>958.93</ele>
      </trkpt>
      <trkpt lat="18.85395" lon="98.773359">
        <ele>958.82</ele>
      </trkpt>
      <trkpt lat="18.853946" lon="98.773481">
        <ele>957.75</ele>
      </trkpt>
      <trkpt lat="18.853957" lon="98.773582">
        <ele>956.69</ele>
      </trkpt>
      <trkpt lat="18.854047" lon="98.773797">
        <ele>956.95</ele>
      </trkpt>
      <trkpt lat="18.854169" lon="98.773983">
        <ele>957.63</ele>
      </trkpt>
      <trkpt lat="18.854706" lon="98.774713">
        <ele>956.31</ele>
      </trkpt>
      <trkpt lat="18.85477" lon="98.774887">
        <ele>958.46</ele>
      </trkpt>
      <trkpt lat="18.854804" lon="98.775039">
        <ele>960.35</ele>
      </trkpt>
      <trkpt lat="18.854732" lon="98.775461">
        <ele>969.11</ele>
      </trkpt>
      <trkpt lat="18.854731" lon="98.775751">
        <ele>968.92</ele>
      </trkpt>
      <trkpt lat="18.854675" lon="98.776024">
        <ele>969.43</ele>
      </trkpt>
      <trkpt lat="18.854645" lon="98.776109">
        <ele>970.19</ele>
      </trkpt>
      <trkpt lat="18.854495" lon="98.776287">
        <ele>974.05</ele>
      </trkpt>
      <trkpt lat="18.854302" lon="98.77637">
        <ele>978.87</ele>
      </trkpt>
      <trkpt lat="18.854025" lon="98.776418">
        <ele>982.99</ele>
      </trkpt>
      <trkpt lat="18.853767" lon="98.776501">
        <ele>982.04</ele>
      </trkpt>
      <trkpt lat="18.853676" lon="98.776642">
        <ele>978.7</ele>
      </trkpt>
      <trkpt lat="18.85364" lon="98.776815">
        <ele>977.87</ele>
      </trkpt>
      <trkpt lat="18.853734" lon="98.777213">
        <ele>976.54</ele>
      </trkpt>
      <trkpt lat="18.853772" lon="98.777511">
        <ele>975.11</ele>
      </trkpt>
      <trkpt lat="18.853801" lon="98.777875">
        <ele>972.68</ele>
      </trkpt>
      <trkpt lat="18.853812" lon="98.778106">
        <ele>973.92</ele>
      </trkpt>
      <trkpt lat="18.853894" lon="98.778392">
        <ele>975.41</ele>
      </trkpt>
      <trkpt lat="18.85395" lon="98.77857">
        <ele>978.98</ele>
      </trkpt>
      <trkpt lat="18.854032" lon="98.778726">
        <ele>981.82</ele>
      </trkpt>
      <trkpt lat="18.854136" lon="98.778857">
        <ele>984.87</ele>
      </trkpt>
      <trkpt lat="18.854236" lon="98.778949">
        <ele>987.53</ele>
      </trkpt>
      <trkpt lat="18.854366" lon="98.779024">
        <ele>989.38</ele>
      </trkpt>
      <trkpt lat="18.854515" lon="98.77908">
        <ele>992.42</ele>
      </trkpt>
      <trkpt lat="18.854645" lon="98.779109">
        <ele>994.97</ele>
      </trkpt>
      <trkpt lat="18.854842" lon="98.779072">
        <ele>998.31</ele>
      </trkpt>
      <trkpt lat="18.855206" lon="98.778867">
        <ele>1003.07</ele>
      </trkpt>
      <trkpt lat="18.855402" lon="98.778656">
        <ele>998.5</ele>
      </trkpt>
      <trkpt lat="18.855703" lon="98.778256">
        <ele>988.02</ele>
      </trkpt>
      <trkpt lat="18.855911" lon="98.778053">
        <ele>987.3</ele>
      </trkpt>
      <trkpt lat="18.856114" lon="98.777915">
        <ele>984.17</ele>
      </trkpt>
      <trkpt lat="18.85631" lon="98.777939">
        <ele>983.78</ele>
      </trkpt>
      <trkpt lat="18.856453" lon="98.77808">
        <ele>986.93</ele>
      </trkpt>
      <trkpt lat="18.8565" lon="98.778299">
        <ele>992.17</ele>
      </trkpt>
      <trkpt lat="18.856537" lon="98.778422">
        <ele>995.52</ele>
      </trkpt>
      <trkpt lat="18.856686" lon="98.778745">
        <ele>1002.69</ele>
      </trkpt>
      <trkpt lat="18.856734" lon="98.778827">
        <ele>1004.07</ele>
      </trkpt>
      <trkpt lat="18.856842" lon="98.778942">
        <ele>1005.89</ele>
      </trkpt>
      <trkpt lat="18.856898" lon="98.778972">
        <ele>1006.46</ele>
      </trkpt>
      <trkpt lat="18.856998" lon="98.779005">
        <ele>1006.61</ele>
      </trkpt>
      <trkpt lat="18.857047" lon="98.779009">
        <ele>1006.26</ele>
      </trkpt>
      <trkpt lat="18.857128" lon="98.778979">
        <ele>1004.76</ele>
      </trkpt>
      <trkpt lat="18.857203" lon="98.778935">
        <ele>1003.94</ele>
      </trkpt>
      <trkpt lat="18.857288" lon="98.778804">
        <ele>1002.54</ele>
      </trkpt>
      <trkpt lat="18.857307" lon="98.778738">
        <ele>1001.64</ele>
      </trkpt>
      <trkpt lat="18.857314" lon="98.778626">
        <ele>999.83</ele>
      </trkpt>
      <trkpt lat="18.857344" lon="98.778433">
        <ele>997.56</ele>
      </trkpt>
      <trkpt lat="18.857363" lon="98.778377">
        <ele>997.13</ele>
      </trkpt>
      <trkpt lat="18.857426" lon="98.778273">
        <ele>996.82</ele>
      </trkpt>
      <trkpt lat="18.857537" lon="98.778117">
        <ele>997.65</ele>
      </trkpt>
      <trkpt lat="18.857593" lon="98.778068">
        <ele>999.26</ele>
      </trkpt>
      <trkpt lat="18.857812" lon="98.77785">
        <ele>1003.58</ele>
      </trkpt>
      <trkpt lat="18.858102" lon="98.777567">
        <ele>1006.64</ele>
      </trkpt>
      <trkpt lat="18.858188" lon="98.777444">
        <ele>1007.79</ele>
      </trkpt>
      <trkpt lat="18.858225" lon="98.77737">
        <ele>1008.14</ele>
      </trkpt>
      <trkpt lat="18.858329" lon="98.776682">
        <ele>1003.94</ele>
      </trkpt>
      <trkpt lat="18.858424" lon="98.776411">
        <ele>1002.21</ele>
      </trkpt>
      <trkpt lat="18.858497" lon="98.776324">
        <ele>1002.06</ele>
      </trkpt>
      <trkpt lat="18.858631" lon="98.77619">
        <ele>1000.7</ele>
      </trkpt>
      <trkpt lat="18.858795" lon="98.7761">
        <ele>1002.37</ele>
      </trkpt>
      <trkpt lat="18.858917" lon="98.77601">
        <ele>1002.71</ele>
      </trkpt>
      <trkpt lat="18.859368" lon="98.775655">
        <ele>1001.56</ele>
      </trkpt>
      <trkpt lat="18.859463" lon="98.775622">
        <ele>1002.61</ele>
      </trkpt>
      <trkpt lat="18.859573" lon="98.775627">
        <ele>1004.18</ele>
      </trkpt>
      <trkpt lat="18.859663" lon="98.775684">
        <ele>1005.61</ele>
      </trkpt>
      <trkpt lat="18.859716" lon="98.775766">
        <ele>1007.26</ele>
      </trkpt>
      <trkpt lat="18.859743" lon="98.775961">
        <ele>1010.84</ele>
      </trkpt>
      <trkpt lat="18.859733" lon="98.776162">
        <ele>1015.72</ele>
      </trkpt>
      <trkpt lat="18.859843" lon="98.776489">
        <ele>1019.51</ele>
      </trkpt>
      <trkpt lat="18.860008" lon="98.776581">
        <ele>1015.85</ele>
      </trkpt>
      <trkpt lat="18.86023" lon="98.776622">
        <ele>1011.16</ele>
      </trkpt>
      <trkpt lat="18.860449" lon="98.776648">
        <ele>1013.43</ele>
      </trkpt>
      <trkpt lat="18.860617" lon="98.776741">
        <ele>1019.2</ele>
      </trkpt>
      <trkpt lat="18.860693" lon="98.776842">
        <ele>1022.95</ele>
      </trkpt>
      <trkpt lat="18.860742" lon="98.77689">
        <ele>1023.76</ele>
      </trkpt>
      <trkpt lat="18.860786" lon="98.77699">
        <ele>1026.83</ele>
      </trkpt>
      <trkpt lat="18.860916" lon="98.777199">
        <ele>1030.75</ele>
      </trkpt>
      <trkpt lat="18.861041" lon="98.777292">
        <ele>1031.27</ele>
      </trkpt>
      <trkpt lat="18.861258" lon="98.777359">
        <ele>1027.91</ele>
      </trkpt>
      <trkpt lat="18.861476" lon="98.777427">
        <ele>1026.57</ele>
      </trkpt>
      <trkpt lat="18.861615" lon="98.777559">
        <ele>1029.34</ele>
      </trkpt>
      <trkpt lat="18.861671" lon="98.777626">
        <ele>1030.44</ele>
      </trkpt>
      <trkpt lat="18.861716" lon="98.777726">
        <ele>1032.48</ele>
      </trkpt>
      <trkpt lat="18.861736" lon="98.777808">
        <ele>1033.87</ele>
      </trkpt>
      <trkpt lat="18.861762" lon="98.777994">
        <ele>1036.5</ele>
      </trkpt>
      <trkpt lat="18.861759" lon="98.778209">
        <ele>1039.19</ele>
      </trkpt>
      <trkpt lat="18.86178" lon="98.778551">
        <ele>1039.91</ele>
      </trkpt>
      <trkpt lat="18.861821" lon="98.778757">
        <ele>1039.76</ele>
      </trkpt>
      <trkpt lat="18.861872" lon="98.778885">
        <ele>1038.86</ele>
      </trkpt>
      <trkpt lat="18.86192" lon="98.778972">
        <ele>1038.31</ele>
      </trkpt>
      <trkpt lat="18.862075" lon="98.779054">
        <ele>1034.19</ele>
      </trkpt>
      <trkpt lat="18.862308" lon="98.779125">
        <ele>1029.64</ele>
      </trkpt>
      <trkpt lat="18.862464" lon="98.779194">
        <ele>1027.75</ele>
      </trkpt>
      <trkpt lat="18.862542" lon="98.779271">
        <ele>1028.13</ele>
      </trkpt>
      <trkpt lat="18.862599" lon="98.779363">
        <ele>1029.24</ele>
      </trkpt>
      <trkpt lat="18.862656" lon="98.779578">
        <ele>1030.83</ele>
      </trkpt>
      <trkpt lat="18.862743" lon="98.779942">
        <ele>1028.08</ele>
      </trkpt>
      <trkpt lat="18.863049" lon="98.781264">
        <ele>1033.74</ele>
      </trkpt>
      <trkpt lat="18.863083" lon="98.781494">
        <ele>1035.41</ele>
      </trkpt>
      <trkpt lat="18.863048" lon="98.78174">
        <ele>1038.77</ele>
      </trkpt>
      <trkpt lat="18.862882" lon="98.78242">
        <ele>1050.4</ele>
      </trkpt>
      <trkpt lat="18.862861" lon="98.78277">
        <ele>1047.52</ele>
      </trkpt>
      <trkpt lat="18.862912" lon="98.783031">
        <ele>1042.11</ele>
      </trkpt>
      <trkpt lat="18.863015" lon="98.783252">
        <ele>1040.46</ele>
      </trkpt>
      <trkpt lat="18.863243" lon="98.783651">
        <ele>1046.4</ele>
      </trkpt>
      <trkpt lat="18.863491" lon="98.783989">
        <ele>1049.6</ele>
      </trkpt>
      <trkpt lat="18.863673" lon="98.784081">
        <ele>1050.08</ele>
      </trkpt>
      <trkpt lat="18.863812" lon="98.784117">
        <ele>1050.5</ele>
      </trkpt>
      <trkpt lat="18.863919" lon="98.784109">
        <ele>1050.94</ele>
      </trkpt>
      <trkpt lat="18.864244" lon="98.784039">
        <ele>1055.66</ele>
      </trkpt>
      <trkpt lat="18.864306" lon="98.78396">
        <ele>1057.56</ele>
      </trkpt>
      <trkpt lat="18.864336" lon="98.783834">
        <ele>1059.66</ele>
      </trkpt>
      <trkpt lat="18.864339" lon="98.783465">
        <ele>1064.07</ele>
      </trkpt>
      <trkpt lat="18.864371" lon="98.783336">
        <ele>1066.42</ele>
      </trkpt>
      <trkpt lat="18.864582" lon="98.783031">
        <ele>1073.79</ele>
      </trkpt>
      <trkpt lat="18.864671" lon="98.782923">
        <ele>1077.17</ele>
      </trkpt>
      <trkpt lat="18.864753" lon="98.782801">
        <ele>1079.84</ele>
      </trkpt>
      <trkpt lat="18.864808" lon="98.782682">
        <ele>1080.39</ele>
      </trkpt>
      <trkpt lat="18.864894" lon="98.782421">
        <ele>1077.82</ele>
      </trkpt>
      <trkpt lat="18.864957" lon="98.782336">
        <ele>1079.21</ele>
      </trkpt>
      <trkpt lat="18.865013" lon="98.782217">
        <ele>1077.8</ele>
      </trkpt>
      <trkpt lat="18.865117" lon="98.782087">
        <ele>1077.66</ele>
      </trkpt>
      <trkpt lat="18.86524" lon="98.781834">
        <ele>1072.45</ele>
      </trkpt>
      <trkpt lat="18.865266" lon="98.781734">
        <ele>1071.34</ele>
      </trkpt>
      <trkpt lat="18.865266" lon="98.781648">
        <ele>1069.83</ele>
      </trkpt>
      <trkpt lat="18.865258" lon="98.781574">
        <ele>1069.45</ele>
      </trkpt>
      <trkpt lat="18.865127" lon="98.781132">
        <ele>1067.69</ele>
      </trkpt>
      <trkpt lat="18.865117" lon="98.781046">
        <ele>1067.33</ele>
      </trkpt>
      <trkpt lat="18.865111" lon="98.780735">
        <ele>1065.33</ele>
      </trkpt>
      <trkpt lat="18.865136" lon="98.780645">
        <ele>1065.22</ele>
      </trkpt>
      <trkpt lat="18.86519" lon="98.780527">
        <ele>1065.3</ele>
      </trkpt>
      <trkpt lat="18.865569" lon="98.779925">
        <ele>1068.38</ele>
      </trkpt>
      <trkpt lat="18.865641" lon="98.779838">
        <ele>1069.62</ele>
      </trkpt>
      <trkpt lat="18.865739" lon="98.779758">
        <ele>1070.69</ele>
      </trkpt>
      <trkpt lat="18.86585" lon="98.77971">
        <ele>1071.75</ele>
      </trkpt>
      <trkpt lat="18.865964" lon="98.779726">
        <ele>1072.73</ele>
      </trkpt>
      <trkpt lat="18.866051" lon="98.77977">
        <ele>1073.24</ele>
      </trkpt>
      <trkpt lat="18.866184" lon="98.779883">
        <ele>1075.59</ele>
      </trkpt>
      <trkpt lat="18.866352" lon="98.779984">
        <ele>1076</ele>
      </trkpt>
      <trkpt lat="18.866401" lon="98.780021">
        <ele>1076.76</ele>
      </trkpt>
      <trkpt lat="18.866482" lon="98.780068">
        <ele>1077.76</ele>
      </trkpt>
      <trkpt lat="18.866606" lon="98.780106">
        <ele>1078.4</ele>
      </trkpt>
      <trkpt lat="18.866805" lon="98.780108">
        <ele>1079.44</ele>
      </trkpt>
      <trkpt lat="18.867055" lon="98.780074">
        <ele>1078.13</ele>
      </trkpt>
      <trkpt lat="18.867148" lon="98.780115">
        <ele>1079.11</ele>
      </trkpt>
      <trkpt lat="18.867203" lon="98.780203">
        <ele>1080.96</ele>
      </trkpt>
      <trkpt lat="18.867251" lon="98.780381">
        <ele>1084.59</ele>
      </trkpt>
      <trkpt lat="18.867251" lon="98.780466">
        <ele>1087.02</ele>
      </trkpt>
      <trkpt lat="18.867196" lon="98.780711">
        <ele>1095.43</ele>
      </trkpt>
      <trkpt lat="18.867235" lon="98.780968">
        <ele>1097.92</ele>
      </trkpt>
      <trkpt lat="18.867288" lon="98.781143">
        <ele>1097.32</ele>
      </trkpt>
      <trkpt lat="18.867355" lon="98.78131">
        <ele>1096.62</ele>
      </trkpt>
      <trkpt lat="18.8674" lon="98.781395">
        <ele>1096.43</ele>
      </trkpt>
      <trkpt lat="18.867448" lon="98.781451">
        <ele>1095.38</ele>
      </trkpt>
      <trkpt lat="18.867704" lon="98.781812">
        <ele>1093.12</ele>
      </trkpt>
      <trkpt lat="18.867853" lon="98.782004">
        <ele>1092.16</ele>
      </trkpt>
      <trkpt lat="18.868011" lon="98.782178">
        <ele>1090.15</ele>
      </trkpt>
      <trkpt lat="18.868369" lon="98.782601">
        <ele>1088.23</ele>
      </trkpt>
      <trkpt lat="18.868548" lon="98.782812">
        <ele>1091.31</ele>
      </trkpt>
      <trkpt lat="18.868745" lon="98.782979">
        <ele>1095.93</ele>
      </trkpt>
      <trkpt lat="18.868827" lon="98.783035">
        <ele>1096.84</ele>
      </trkpt>
      <trkpt lat="18.869013" lon="98.783109">
        <ele>1099.49</ele>
      </trkpt>
      <trkpt lat="18.86908" lon="98.783109">
        <ele>1099.74</ele>
      </trkpt>
      <trkpt lat="18.869143" lon="98.783083">
        <ele>1098.85</ele>
      </trkpt>
      <trkpt lat="18.869191" lon="98.783039">
        <ele>1096.66</ele>
      </trkpt>
      <trkpt lat="18.869247" lon="98.782975">
        <ele>1095.66</ele>
      </trkpt>
      <trkpt lat="18.869359" lon="98.782812">
        <ele>1092.34</ele>
      </trkpt>
      <trkpt lat="18.869422" lon="98.782756">
        <ele>1092.74</ele>
      </trkpt>
      <trkpt lat="18.869489" lon="98.782711">
        <ele>1093.8</ele>
      </trkpt>
      <trkpt lat="18.869582" lon="98.782674">
        <ele>1095.31</ele>
      </trkpt>
      <trkpt lat="18.869656" lon="98.782663">
        <ele>1096.69</ele>
      </trkpt>
      <trkpt lat="18.869738" lon="98.782663">
        <ele>1097.84</ele>
      </trkpt>
      <trkpt lat="18.869812" lon="98.782689">
        <ele>1099.35</ele>
      </trkpt>
      <trkpt lat="18.869868" lon="98.782726">
        <ele>1101.19</ele>
      </trkpt>
      <trkpt lat="18.869905" lon="98.782782">
        <ele>1103.41</ele>
      </trkpt>
      <trkpt lat="18.870028" lon="98.782905">
        <ele>1107.37</ele>
      </trkpt>
      <trkpt lat="18.870567" lon="98.78325">
        <ele>1109.53</ele>
      </trkpt>
      <trkpt lat="18.870667" lon="98.783351">
        <ele>1112.35</ele>
      </trkpt>
      <trkpt lat="18.870853" lon="98.7836">
        <ele>1116.58</ele>
      </trkpt>
      <trkpt lat="18.870924" lon="98.783679">
        <ele>1116.35</ele>
      </trkpt>
      <trkpt lat="18.870978" lon="98.783759">
        <ele>1116.85</ele>
      </trkpt>
      <trkpt lat="18.871042" lon="98.783797">
        <ele>1116.09</ele>
      </trkpt>
      <trkpt lat="18.871122" lon="98.783829">
        <ele>1114.59</ele>
      </trkpt>
      <trkpt lat="18.871203" lon="98.78385">
        <ele>1113.41</ele>
      </trkpt>
      <trkpt lat="18.871352" lon="98.783829">
        <ele>1111.19</ele>
      </trkpt>
      <trkpt lat="18.871454" lon="98.783778">
        <ele>1110.43</ele>
      </trkpt>
      <trkpt lat="18.871637" lon="98.783661">
        <ele>1109.86</ele>
      </trkpt>
      <trkpt lat="18.871709" lon="98.783584">
        <ele>1109.79</ele>
      </trkpt>
      <trkpt lat="18.87181" lon="98.78344">
        <ele>1109.34</ele>
      </trkpt>
      <trkpt lat="18.871926" lon="98.783315">
        <ele>1110.51</ele>
      </trkpt>
      <trkpt lat="18.872109" lon="98.783182">
        <ele>1113.91</ele>
      </trkpt>
      <trkpt lat="18.872155" lon="98.783117">
        <ele>1114.54</ele>
      </trkpt>
      <trkpt lat="18.872195" lon="98.783026">
        <ele>1114.44</ele>
      </trkpt>
      <trkpt lat="18.87221" lon="98.782572">
        <ele>1113.16</ele>
      </trkpt>
      <trkpt lat="18.87222" lon="98.782453">
        <ele>1112.73</ele>
      </trkpt>
      <trkpt lat="18.872258" lon="98.782322">
        <ele>1112.32</ele>
      </trkpt>
      <trkpt lat="18.872306" lon="98.782214">
        <ele>1111.13</ele>
      </trkpt>
      <trkpt lat="18.872396" lon="98.782072">
        <ele>1109.47</ele>
      </trkpt>
      <trkpt lat="18.872523" lon="98.781958">
        <ele>1109.52</ele>
      </trkpt>
      <trkpt lat="18.872878" lon="98.781709">
        <ele>1112.68</ele>
      </trkpt>
      <trkpt lat="18.873001" lon="98.781602">
        <ele>1112.11</ele>
      </trkpt>
      <trkpt lat="18.873065" lon="98.781511">
        <ele>1110.64</ele>
      </trkpt>
      <trkpt lat="18.87321" lon="98.781281">
        <ele>1109.12</ele>
      </trkpt>
      <trkpt lat="18.873263" lon="98.781217">
        <ele>1109.56</ele>
      </trkpt>
      <trkpt lat="18.87344" lon="98.781147">
        <ele>1110.96</ele>
      </trkpt>
      <trkpt lat="18.873531" lon="98.781147">
        <ele>1112.08</ele>
      </trkpt>
      <trkpt lat="18.873611" lon="98.781174">
        <ele>1113.9</ele>
      </trkpt>
      <trkpt lat="18.873681" lon="98.781227">
        <ele>1116.19</ele>
      </trkpt>
      <trkpt lat="18.873761" lon="98.781318">
        <ele>1119.85</ele>
      </trkpt>
      <trkpt lat="18.873825" lon="98.781372">
        <ele>1121.6</ele>
      </trkpt>
      <trkpt lat="18.873949" lon="98.781442">
        <ele>1123.68</ele>
      </trkpt>
      <trkpt lat="18.874066" lon="98.781468">
        <ele>1124.05</ele>
      </trkpt>
      <trkpt lat="18.874323" lon="98.781442">
        <ele>1122.68</ele>
      </trkpt>
      <trkpt lat="18.874441" lon="98.781415">
        <ele>1122.09</ele>
      </trkpt>
      <trkpt lat="18.874548" lon="98.781377">
        <ele>1121.28</ele>
      </trkpt>
      <trkpt lat="18.874634" lon="98.781324">
        <ele>1120.52</ele>
      </trkpt>
      <trkpt lat="18.874698" lon="98.781244">
        <ele>1119.64</ele>
      </trkpt>
      <trkpt lat="18.874762" lon="98.781136">
        <ele>1119.48</ele>
      </trkpt>
      <trkpt lat="18.874821" lon="98.780933">
        <ele>1121.68</ele>
      </trkpt>
      <trkpt lat="18.874832" lon="98.780601">
        <ele>1121.15</ele>
      </trkpt>
      <trkpt lat="18.874859" lon="98.780435">
        <ele>1121.92</ele>
      </trkpt>
      <trkpt lat="18.874939" lon="98.780119">
        <ele>1125.7</ele>
      </trkpt>
      <trkpt lat="18.874944" lon="98.779996">
        <ele>1125.93</ele>
      </trkpt>
      <trkpt lat="18.874918" lon="98.779879">
        <ele>1125.57</ele>
      </trkpt>
      <trkpt lat="18.874677" lon="98.779493">
        <ele>1122.79</ele>
      </trkpt>
      <trkpt lat="18.87465" lon="98.779306">
        <ele>1123.06</ele>
      </trkpt>
      <trkpt lat="18.874714" lon="98.779102">
        <ele>1125.43</ele>
      </trkpt>
      <trkpt lat="18.874784" lon="98.778995">
        <ele>1127.14</ele>
      </trkpt>
      <trkpt lat="18.874864" lon="98.778942">
        <ele>1128.59</ele>
      </trkpt>
      <trkpt lat="18.874955" lon="98.778915">
        <ele>1129.69</ele>
      </trkpt>
      <trkpt lat="18.875035" lon="98.778926">
        <ele>1130.85</ele>
      </trkpt>
      <trkpt lat="18.875132" lon="98.778968">
        <ele>1132.07</ele>
      </trkpt>
      <trkpt lat="18.875239" lon="98.779033">
        <ele>1133.55</ele>
      </trkpt>
      <trkpt lat="18.875292" lon="98.779076">
        <ele>1133.89</ele>
      </trkpt>
      <trkpt lat="18.87548" lon="98.779381">
        <ele>1134.74</ele>
      </trkpt>
      <trkpt lat="18.875629" lon="98.7796">
        <ele>1135</ele>
      </trkpt>
      <trkpt lat="18.875725" lon="98.779712">
        <ele>1135.37</ele>
      </trkpt>
      <trkpt lat="18.875874" lon="98.779838">
        <ele>1133.52</ele>
      </trkpt>
      <trkpt lat="18.875943" lon="98.779965">
        <ele>1133.29</ele>
      </trkpt>
      <trkpt lat="18.875933" lon="98.780127">
        <ele>1135.19</ele>
      </trkpt>
      <trkpt lat="18.875897" lon="98.780226">
        <ele>1136.95</ele>
      </trkpt>
      <trkpt lat="18.87587" lon="98.780414">
        <ele>1137.58</ele>
      </trkpt>
      <trkpt lat="18.875854" lon="98.780612">
        <ele>1136.69</ele>
      </trkpt>
      <trkpt lat="18.875854" lon="98.780789">
        <ele>1136.46</ele>
      </trkpt>
      <trkpt lat="18.87587" lon="98.780938">
        <ele>1137.64</ele>
      </trkpt>
      <trkpt lat="18.875908" lon="98.781029">
        <ele>1137.57</ele>
      </trkpt>
      <trkpt lat="18.875961" lon="98.781126">
        <ele>1137.47</ele>
      </trkpt>
      <trkpt lat="18.876042" lon="98.781207">
        <ele>1136.16</ele>
      </trkpt>
      <trkpt lat="18.876122" lon="98.781275">
        <ele>1134.94</ele>
      </trkpt>
      <trkpt lat="18.87624" lon="98.78132">
        <ele>1131.47</ele>
      </trkpt>
      <trkpt lat="18.876481" lon="98.781473">
        <ele>1130.42</ele>
      </trkpt>
      <trkpt lat="18.876606" lon="98.78167">
        <ele>1132.67</ele>
      </trkpt>
      <trkpt lat="18.876639" lon="98.781797">
        <ele>1133.16</ele>
      </trkpt>
      <trkpt lat="18.876646" lon="98.781989">
        <ele>1133.86</ele>
      </trkpt>
      <trkpt lat="18.876593" lon="98.782464">
        <ele>1138.12</ele>
      </trkpt>
      <trkpt lat="18.876593" lon="98.782609">
        <ele>1138.31</ele>
      </trkpt>
      <trkpt lat="18.876609" lon="98.782716">
        <ele>1137.49</ele>
      </trkpt>
      <trkpt lat="18.876636" lon="98.782812">
        <ele>1136.07</ele>
      </trkpt>
      <trkpt lat="18.876673" lon="98.782914">
        <ele>1134</ele>
      </trkpt>
      <trkpt lat="18.876754" lon="98.783197">
        <ele>1130.25</ele>
      </trkpt>
      <trkpt lat="18.876807" lon="98.783315">
        <ele>1127.94</ele>
      </trkpt>
      <trkpt lat="18.876807" lon="98.783411">
        <ele>1127.76</ele>
      </trkpt>
      <trkpt lat="18.87678" lon="98.783529">
        <ele>1127.9</ele>
      </trkpt>
      <trkpt lat="18.876716" lon="98.783652">
        <ele>1128.48</ele>
      </trkpt>
      <trkpt lat="18.876609" lon="98.783696">
        <ele>1131.67</ele>
      </trkpt>
      <trkpt lat="18.876496" lon="98.783716">
        <ele>1135.49</ele>
      </trkpt>
      <trkpt lat="18.876337" lon="98.783786">
        <ele>1139.37</ele>
      </trkpt>
      <trkpt lat="18.876285" lon="98.783901">
        <ele>1137.96</ele>
      </trkpt>
      <trkpt lat="18.876297" lon="98.784048">
        <ele>1134.44</ele>
      </trkpt>
      <trkpt lat="18.876346" lon="98.784172">
        <ele>1131.26</ele>
      </trkpt>
      <trkpt lat="18.876406" lon="98.784214">
        <ele>1128.4</ele>
      </trkpt>
      <trkpt lat="18.876486" lon="98.784284">
        <ele>1125.57</ele>
      </trkpt>
      <trkpt lat="18.876577" lon="98.784322">
        <ele>1123.51</ele>
      </trkpt>
      <trkpt lat="18.876673" lon="98.784348">
        <ele>1121.76</ele>
      </trkpt>
      <trkpt lat="18.87678" lon="98.784348">
        <ele>1119.69</ele>
      </trkpt>
      <trkpt lat="18.876984" lon="98.784364">
        <ele>1116.31</ele>
      </trkpt>
      <trkpt lat="18.877085" lon="98.784386">
        <ele>1114.51</ele>
      </trkpt>
      <trkpt lat="18.877155" lon="98.784413">
        <ele>1113.42</ele>
      </trkpt>
      <trkpt lat="18.877235" lon="98.784466">
        <ele>1112.34</ele>
      </trkpt>
      <trkpt lat="18.8773" lon="98.784573">
        <ele>1112.55</ele>
      </trkpt>
      <trkpt lat="18.877396" lon="98.784696">
        <ele>1111.27</ele>
      </trkpt>
      <trkpt lat="18.87746" lon="98.784814">
        <ele>1110.88</ele>
      </trkpt>
      <trkpt lat="18.877519" lon="98.784884">
        <ele>1109.77</ele>
      </trkpt>
      <trkpt lat="18.877621" lon="98.784953">
        <ele>1106.84</ele>
      </trkpt>
      <trkpt lat="18.877771" lon="98.784991">
        <ele>1102.74</ele>
      </trkpt>
      <trkpt lat="18.877851" lon="98.784964">
        <ele>1099.73</ele>
      </trkpt>
      <trkpt lat="18.878129" lon="98.784884">
        <ele>1093.18</ele>
      </trkpt>
      <trkpt lat="18.87821" lon="98.784884">
        <ele>1092.13</ele>
      </trkpt>
      <trkpt lat="18.878279" lon="98.78491">
        <ele>1091.9</ele>
      </trkpt>
      <trkpt lat="18.87837" lon="98.784964">
        <ele>1091.15</ele>
      </trkpt>
      <trkpt lat="18.87844" lon="98.785124">
        <ele>1091.39</ele>
      </trkpt>
      <trkpt lat="18.87852" lon="98.78543">
        <ele>1090.59</ele>
      </trkpt>
      <trkpt lat="18.878531" lon="98.785526">
        <ele>1090.62</ele>
      </trkpt>
      <trkpt lat="18.878574" lon="98.785622">
        <ele>1088.81</ele>
      </trkpt>
      <trkpt lat="18.878772" lon="98.785965">
        <ele>1080.64</ele>
      </trkpt>
      <trkpt lat="18.878815" lon="98.786072">
        <ele>1078.73</ele>
      </trkpt>
      <trkpt lat="18.878815" lon="98.786152">
        <ele>1078.62</ele>
      </trkpt>
      <trkpt lat="18.878777" lon="98.786233">
        <ele>1078.76</ele>
      </trkpt>
      <trkpt lat="18.87859" lon="98.786356">
        <ele>1081.79</ele>
      </trkpt>
      <trkpt lat="18.878483" lon="98.786398">
        <ele>1084.32</ele>
      </trkpt>
      <trkpt lat="18.878413" lon="98.786452">
        <ele>1085.93</ele>
      </trkpt>
      <trkpt lat="18.878295" lon="98.786661">
        <ele>1084.43</ele>
      </trkpt>
      <trkpt lat="18.878263" lon="98.786757">
        <ele>1084.19</ele>
      </trkpt>
      <trkpt lat="18.878252" lon="98.786955">
        <ele>1080.92</ele>
      </trkpt>
      <trkpt lat="18.878306" lon="98.787758">
        <ele>1068.47</ele>
      </trkpt>
      <trkpt lat="18.878306" lon="98.787988">
        <ele>1067.13</ele>
      </trkpt>
      <trkpt lat="18.878295" lon="98.788133">
        <ele>1065.96</ele>
      </trkpt>
      <trkpt lat="18.878226" lon="98.788374">
        <ele>1064.64</ele>
      </trkpt>
      <trkpt lat="18.878095" lon="98.788555">
        <ele>1063.53</ele>
      </trkpt>
      <trkpt lat="18.878007" lon="98.788628">
        <ele>1064.06</ele>
      </trkpt>
      <trkpt lat="18.877894" lon="98.788708">
        <ele>1064.16</ele>
      </trkpt>
      <trkpt lat="18.877795" lon="98.788809">
        <ele>1062.29</ele>
      </trkpt>
      <trkpt lat="18.877577" lon="98.789057">
        <ele>1053.28</ele>
      </trkpt>
      <trkpt lat="18.877475" lon="98.78915">
        <ele>1040.44</ele>
      </trkpt>
      <trkpt lat="18.87739" lon="98.789188">
        <ele>1037.56</ele>
      </trkpt>
      <trkpt lat="18.877295" lon="98.789196">
        <ele>1035.37</ele>
      </trkpt>
      <trkpt lat="18.877001" lon="98.789156">
        <ele>1032.81</ele>
      </trkpt>
      <trkpt lat="18.876919" lon="98.789167">
        <ele>1035.24</ele>
      </trkpt>
      <trkpt lat="18.876839" lon="98.789211">
        <ele>1037.88</ele>
      </trkpt>
      <trkpt lat="18.876792" lon="98.789291">
        <ele>1039.81</ele>
      </trkpt>
      <trkpt lat="18.876754" lon="98.789423">
        <ele>1040.82</ele>
      </trkpt>
      <trkpt lat="18.876736" lon="98.789754">
        <ele>1036.39</ele>
      </trkpt>
      <trkpt lat="18.876711" lon="98.790355">
        <ele>1033.68</ele>
      </trkpt>
      <trkpt lat="18.876727" lon="98.790611">
        <ele>1034.49</ele>
      </trkpt>
      <trkpt lat="18.876807" lon="98.79104">
        <ele>1034.46</ele>
      </trkpt>
      <trkpt lat="18.876914" lon="98.791414">
        <ele>1031.08</ele>
      </trkpt>
      <trkpt lat="18.876994" lon="98.791602">
        <ele>1027.84</ele>
      </trkpt>
      <trkpt lat="18.877102" lon="98.791773">
        <ele>1024.49</ele>
      </trkpt>
      <trkpt lat="18.877225" lon="98.791934">
        <ele>1020.66</ele>
      </trkpt>
      <trkpt lat="18.877316" lon="98.792094">
        <ele>1017.29</ele>
      </trkpt>
      <trkpt lat="18.877342" lon="98.792217">
        <ele>1015.62</ele>
      </trkpt>
      <trkpt lat="18.877326" lon="98.792314">
        <ele>1015.54</ele>
      </trkpt>
      <trkpt lat="18.877262" lon="98.792405">
        <ele>1015.91</ele>
      </trkpt>
      <trkpt lat="18.877184" lon="98.792481">
        <ele>1016.34</ele>
      </trkpt>
      <trkpt lat="18.876964" lon="98.79262">
        <ele>1017.52</ele>
      </trkpt>
      <trkpt lat="18.876523" lon="98.792897">
        <ele>1014.62</ele>
      </trkpt>
      <trkpt lat="18.876373" lon="98.793028">
        <ele>1015.45</ele>
      </trkpt>
      <trkpt lat="18.876301" lon="98.793166">
        <ele>1013.65</ele>
      </trkpt>
      <trkpt lat="18.876279" lon="98.79332">
        <ele>1009.83</ele>
      </trkpt>
      <trkpt lat="18.876221" lon="98.793498">
        <ele>1007.25</ele>
      </trkpt>
      <trkpt lat="18.875751" lon="98.794137">
        <ele>1014.74</ele>
      </trkpt>
      <trkpt lat="18.875582" lon="98.794366">
        <ele>1014.68</ele>
      </trkpt>
      <trkpt lat="18.875445" lon="98.794656">
        <ele>1015.47</ele>
      </trkpt>
      <trkpt lat="18.875405" lon="98.794883">
        <ele>1017.81</ele>
      </trkpt>
      <trkpt lat="18.875421" lon="98.795017">
        <ele>1018.83</ele>
      </trkpt>
      <trkpt lat="18.875469" lon="98.795135">
        <ele>1018.22</ele>
      </trkpt>
      <trkpt lat="18.875512" lon="98.795204">
        <ele>1017.21</ele>
      </trkpt>
      <trkpt lat="18.87571" lon="98.795317">
        <ele>1009.6</ele>
      </trkpt>
      <trkpt lat="18.876074" lon="98.795354">
        <ele>999.29</ele>
      </trkpt>
      <trkpt lat="18.876245" lon="98.795408">
        <ele>995.98</ele>
      </trkpt>
      <trkpt lat="18.876361" lon="98.795465">
        <ele>994.5</ele>
      </trkpt>
      <trkpt lat="18.876452" lon="98.795537">
        <ele>993.86</ele>
      </trkpt>
      <trkpt lat="18.876509" lon="98.795643">
        <ele>993.1</ele>
      </trkpt>
      <trkpt lat="18.876559" lon="98.795758">
        <ele>991.31</ele>
      </trkpt>
      <trkpt lat="18.876579" lon="98.795897">
        <ele>987.79</ele>
      </trkpt>
      <trkpt lat="18.87657" lon="98.796035">
        <ele>984.54</ele>
      </trkpt>
      <trkpt lat="18.876519" lon="98.796191">
        <ele>980.85</ele>
      </trkpt>
      <trkpt lat="18.876438" lon="98.796318">
        <ele>977.34</ele>
      </trkpt>
      <trkpt lat="18.876395" lon="98.796441">
        <ele>974.02</ele>
      </trkpt>
      <trkpt lat="18.87634" lon="98.796682">
        <ele>969.22</ele>
      </trkpt>
      <trkpt lat="18.876336" lon="98.796851">
        <ele>967.75</ele>
      </trkpt>
      <trkpt lat="18.876406" lon="98.797233">
        <ele>965.78</ele>
      </trkpt>
      <trkpt lat="18.876675" lon="98.79813">
        <ele>957.6</ele>
      </trkpt>
      <trkpt lat="18.876716" lon="98.798314">
        <ele>956.24</ele>
      </trkpt>
      <trkpt lat="18.876755" lon="98.798684">
        <ele>954.69</ele>
      </trkpt>
      <trkpt lat="18.87677" lon="98.798823">
        <ele>954.11</ele>
      </trkpt>
      <trkpt lat="18.876766" lon="98.799152">
        <ele>954.06</ele>
      </trkpt>
      <trkpt lat="18.876737" lon="98.79953">
        <ele>953.41</ele>
      </trkpt>
      <trkpt lat="18.876761" lon="98.800123">
        <ele>952.87</ele>
      </trkpt>
      <trkpt lat="18.876761" lon="98.800433">
        <ele>951.39</ele>
      </trkpt>
      <trkpt lat="18.876781" lon="98.800729">
        <ele>951.83</ele>
      </trkpt>
      <trkpt lat="18.876803" lon="98.800869">
        <ele>953.48</ele>
      </trkpt>
      <trkpt lat="18.876849" lon="98.800991">
        <ele>955.44</ele>
      </trkpt>
      <trkpt lat="18.876939" lon="98.801129">
        <ele>957.84</ele>
      </trkpt>
      <trkpt lat="18.877041" lon="98.801248">
        <ele>958.96</ele>
      </trkpt>
      <trkpt lat="18.877132" lon="98.801383">
        <ele>960.91</ele>
      </trkpt>
      <trkpt lat="18.877216" lon="98.801589">
        <ele>963.88</ele>
      </trkpt>
      <trkpt lat="18.8773" lon="98.801864">
        <ele>965.49</ele>
      </trkpt>
      <trkpt lat="18.877322" lon="98.802087">
        <ele>968.47</ele>
      </trkpt>
      <trkpt lat="18.877381" lon="98.802304">
        <ele>969.97</ele>
      </trkpt>
      <trkpt lat="18.877444" lon="98.802582">
        <ele>971.28</ele>
      </trkpt>
      <trkpt lat="18.87746" lon="98.802789">
        <ele>973</ele>
      </trkpt>
      <trkpt lat="18.877447" lon="98.803157">
        <ele>975.16</ele>
      </trkpt>
      <trkpt lat="18.877451" lon="98.803379">
        <ele>974.15</ele>
      </trkpt>
      <trkpt lat="18.877465" lon="98.803616">
        <ele>970.94</ele>
      </trkpt>
      <trkpt lat="18.877515" lon="98.803798">
        <ele>966.79</ele>
      </trkpt>
      <trkpt lat="18.877631" lon="98.804056">
        <ele>963.76</ele>
      </trkpt>
      <trkpt lat="18.877713" lon="98.804214">
        <ele>963.58</ele>
      </trkpt>
      <trkpt lat="18.87808" lon="98.80472">
        <ele>961.42</ele>
      </trkpt>
      <trkpt lat="18.878253" lon="98.804884">
        <ele>960.3</ele>
      </trkpt>
      <trkpt lat="18.878402" lon="98.804952">
        <ele>957.43</ele>
      </trkpt>
      <trkpt lat="18.878575" lon="98.805005">
        <ele>952.91</ele>
      </trkpt>
      <trkpt lat="18.878694" lon="98.805066">
        <ele>949.41</ele>
      </trkpt>
      <trkpt lat="18.878788" lon="98.805161">
        <ele>945.98</ele>
      </trkpt>
      <trkpt lat="18.87885" lon="98.805289">
        <ele>943.22</ele>
      </trkpt>
      <trkpt lat="18.878883" lon="98.805407">
        <ele>941</ele>
      </trkpt>
      <trkpt lat="18.878897" lon="98.805549">
        <ele>938.17</ele>
      </trkpt>
      <trkpt lat="18.878874" lon="98.805682">
        <ele>936.08</ele>
      </trkpt>
      <trkpt lat="18.878836" lon="98.805767">
        <ele>934.97</ele>
      </trkpt>
      <trkpt lat="18.878723" lon="98.805918">
        <ele>933.52</ele>
      </trkpt>
      <trkpt lat="18.878501" lon="98.806126">
        <ele>930.53</ele>
      </trkpt>
      <trkpt lat="18.87831" lon="98.806271">
        <ele>929</ele>
      </trkpt>
      <trkpt lat="18.878119" lon="98.806417">
        <ele>930.08</ele>
      </trkpt>
      <trkpt lat="18.878024" lon="98.806532">
        <ele>929.19</ele>
      </trkpt>
      <trkpt lat="18.877953" lon="98.806643">
        <ele>927.64</ele>
      </trkpt>
      <trkpt lat="18.877892" lon="98.806779">
        <ele>925.82</ele>
      </trkpt>
      <trkpt lat="18.877875" lon="98.806879">
        <ele>924.56</ele>
      </trkpt>
      <trkpt lat="18.877904" lon="98.806942">
        <ele>923.19</ele>
      </trkpt>
      <trkpt lat="18.877942" lon="98.806995">
        <ele>922.45</ele>
      </trkpt>
      <trkpt lat="18.877991" lon="98.807033">
        <ele>922.01</ele>
      </trkpt>
      <trkpt lat="18.878063" lon="98.807067">
        <ele>922.3</ele>
      </trkpt>
      <trkpt lat="18.87815" lon="98.807072">
        <ele>922.69</ele>
      </trkpt>
      <trkpt lat="18.878329" lon="98.807048">
        <ele>922.06</ele>
      </trkpt>
      <trkpt lat="18.878435" lon="98.80701">
        <ele>920.97</ele>
      </trkpt>
      <trkpt lat="18.878684" lon="98.806965">
        <ele>919.92</ele>
      </trkpt>
      <trkpt lat="18.87889" lon="98.806966">
        <ele>919.13</ele>
      </trkpt>
      <trkpt lat="18.879089" lon="98.806996">
        <ele>917.79</ele>
      </trkpt>
      <trkpt lat="18.879228" lon="98.807083">
        <ele>914.92</ele>
      </trkpt>
      <trkpt lat="18.879299" lon="98.807212">
        <ele>911.72</ele>
      </trkpt>
      <trkpt lat="18.87936" lon="98.807353">
        <ele>907.34</ele>
      </trkpt>
      <trkpt lat="18.879374" lon="98.807537">
        <ele>904.2</ele>
      </trkpt>
      <trkpt lat="18.879325" lon="98.807706">
        <ele>903.94</ele>
      </trkpt>
      <trkpt lat="18.879191" lon="98.807924">
        <ele>904.57</ele>
      </trkpt>
      <trkpt lat="18.879101" lon="98.808088">
        <ele>902.66</ele>
      </trkpt>
      <trkpt lat="18.879054" lon="98.808237">
        <ele>899.43</ele>
      </trkpt>
      <trkpt lat="18.879022" lon="98.808396">
        <ele>895.33</ele>
      </trkpt>
      <trkpt lat="18.879049" lon="98.808793">
        <ele>885.36</ele>
      </trkpt>
      <trkpt lat="18.879064" lon="98.808904">
        <ele>882.94</ele>
      </trkpt>
      <trkpt lat="18.879064" lon="98.809015">
        <ele>880.62</ele>
      </trkpt>
      <trkpt lat="18.87903" lon="98.809121">
        <ele>878.84</ele>
      </trkpt>
      <trkpt lat="18.878996" lon="98.809194">
        <ele>877.4</ele>
      </trkpt>
      <trkpt lat="18.878903" lon="98.809244">
        <ele>876.11</ele>
      </trkpt>
      <trkpt lat="18.878814" lon="98.809262">
        <ele>875.77</ele>
      </trkpt>
      <trkpt lat="18.878623" lon="98.809233">
        <ele>875.47</ele>
      </trkpt>
      <trkpt lat="18.878516" lon="98.809286">
        <ele>873.45</ele>
      </trkpt>
      <trkpt lat="18.878498" lon="98.809334">
        <ele>872.45</ele>
      </trkpt>
      <trkpt lat="18.878538" lon="98.809476">
        <ele>871.07</ele>
      </trkpt>
      <trkpt lat="18.878603" lon="98.809513">
        <ele>870.42</ele>
      </trkpt>
      <trkpt lat="18.878714" lon="98.809561">
        <ele>868.51</ele>
      </trkpt>
      <trkpt lat="18.878837" lon="98.809604">
        <ele>865.84</ele>
      </trkpt>
      <trkpt lat="18.878958" lon="98.809584">
        <ele>864.94</ele>
      </trkpt>
      <trkpt lat="18.87903" lon="98.809551">
        <ele>865.03</ele>
      </trkpt>
      <trkpt lat="18.879127" lon="98.809468">
        <ele>866.57</ele>
      </trkpt>
      <trkpt lat="18.879299" lon="98.809233">
        <ele>869.37</ele>
      </trkpt>
      <trkpt lat="18.879814" lon="98.808528">
        <ele>861.31</ele>
      </trkpt>
      <trkpt lat="18.879862" lon="98.808474">
        <ele>859.56</ele>
      </trkpt>
      <trkpt lat="18.879903" lon="98.808445">
        <ele>857.69</ele>
      </trkpt>
      <trkpt lat="18.880087" lon="98.808366">
        <ele>850.07</ele>
      </trkpt>
      <trkpt lat="18.880151" lon="98.808324">
        <ele>848.42</ele>
      </trkpt>
      <trkpt lat="18.8802" lon="98.808264">
        <ele>847.67</ele>
      </trkpt>
      <trkpt lat="18.880324" lon="98.807994">
        <ele>846.23</ele>
      </trkpt>
      <trkpt lat="18.880403" lon="98.807861">
        <ele>843.88</ele>
      </trkpt>
      <trkpt lat="18.880461" lon="98.807802">
        <ele>842.05</ele>
      </trkpt>
      <trkpt lat="18.880508" lon="98.80778">
        <ele>840.5</ele>
      </trkpt>
      <trkpt lat="18.880567" lon="98.807764">
        <ele>838.37</ele>
      </trkpt>
      <trkpt lat="18.880626" lon="98.807772">
        <ele>836.85</ele>
      </trkpt>
      <trkpt lat="18.880729" lon="98.807831">
        <ele>835.24</ele>
      </trkpt>
      <trkpt lat="18.880798" lon="98.807901">
        <ele>834.96</ele>
      </trkpt>
      <trkpt lat="18.880846" lon="98.807974">
        <ele>835.13</ele>
      </trkpt>
      <trkpt lat="18.880877" lon="98.808083">
        <ele>834.72</ele>
      </trkpt>
      <trkpt lat="18.880879" lon="98.808197">
        <ele>833.99</ele>
      </trkpt>
      <trkpt lat="18.880844" lon="98.80841">
        <ele>832.32</ele>
      </trkpt>
      <trkpt lat="18.880725" lon="98.808903">
        <ele>831.95</ele>
      </trkpt>
      <trkpt lat="18.880678" lon="98.80907">
        <ele>832.01</ele>
      </trkpt>
      <trkpt lat="18.880606" lon="98.809234">
        <ele>831.11</ele>
      </trkpt>
      <trkpt lat="18.880529" lon="98.809337">
        <ele>830.59</ele>
      </trkpt>
      <trkpt lat="18.880309" lon="98.809572">
        <ele>828.05</ele>
      </trkpt>
      <trkpt lat="18.880247" lon="98.809651">
        <ele>827.06</ele>
      </trkpt>
      <trkpt lat="18.880173" lon="98.809776">
        <ele>825.8</ele>
      </trkpt>
      <trkpt lat="18.880123" lon="98.809881">
        <ele>825.19</ele>
      </trkpt>
      <trkpt lat="18.880097" lon="98.809993">
        <ele>824.94</ele>
      </trkpt>
      <trkpt lat="18.880097" lon="98.810088">
        <ele>824.72</ele>
      </trkpt>
      <trkpt lat="18.880145" lon="98.810183">
        <ele>824.25</ele>
      </trkpt>
      <trkpt lat="18.880223" lon="98.810246">
        <ele>823.5</ele>
      </trkpt>
      <trkpt lat="18.880358" lon="98.810333">
        <ele>820.61</ele>
      </trkpt>
      <trkpt lat="18.880712" lon="98.810512">
        <ele>813.25</ele>
      </trkpt>
      <trkpt lat="18.880797" lon="98.810571">
        <ele>812.52</ele>
      </trkpt>
      <trkpt lat="18.88085" lon="98.810646">
        <ele>812.02</ele>
      </trkpt>
      <trkpt lat="18.880897" lon="98.810766">
        <ele>811.03</ele>
      </trkpt>
      <trkpt lat="18.880919" lon="98.810959">
        <ele>809.65</ele>
      </trkpt>
      <trkpt lat="18.880951" lon="98.811086">
        <ele>809.84</ele>
      </trkpt>
      <trkpt lat="18.881003" lon="98.811202">
        <ele>809.73</ele>
      </trkpt>
      <trkpt lat="18.881067" lon="98.811298">
        <ele>809.52</ele>
      </trkpt>
      <trkpt lat="18.881129" lon="98.811445">
        <ele>807.49</ele>
      </trkpt>
      <trkpt lat="18.881163" lon="98.811616">
        <ele>803.94</ele>
      </trkpt>
      <trkpt lat="18.881252" lon="98.811998">
        <ele>798.19</ele>
      </trkpt>
      <trkpt lat="18.881289" lon="98.812152">
        <ele>797.24</ele>
      </trkpt>
      <trkpt lat="18.881337" lon="98.812262">
        <ele>797.16</ele>
      </trkpt>
      <trkpt lat="18.881402" lon="98.812367">
        <ele>797.31</ele>
      </trkpt>
      <trkpt lat="18.88146" lon="98.812435">
        <ele>797.3</ele>
      </trkpt>
      <trkpt lat="18.881564" lon="98.812503">
        <ele>797.74</ele>
      </trkpt>
      <trkpt lat="18.881775" lon="98.812614">
        <ele>796.54</ele>
      </trkpt>
      <trkpt lat="18.881873" lon="98.812706">
        <ele>795.92</ele>
      </trkpt>
      <trkpt lat="18.88192" lon="98.812786">
        <ele>795.56</ele>
      </trkpt>
      <trkpt lat="18.881935" lon="98.812876">
        <ele>795.24</ele>
      </trkpt>
      <trkpt lat="18.881934" lon="98.812935">
        <ele>794.87</ele>
      </trkpt>
      <trkpt lat="18.881867" lon="98.813243">
        <ele>793.52</ele>
      </trkpt>
      <trkpt lat="18.881846" lon="98.813398">
        <ele>793.05</ele>
      </trkpt>
      <trkpt lat="18.881852" lon="98.813503">
        <ele>792.99</ele>
      </trkpt>
      <trkpt lat="18.881883" lon="98.81368">
        <ele>791.56</ele>
      </trkpt>
      <trkpt lat="18.881953" lon="98.813837">
        <ele>790.9</ele>
      </trkpt>
      <trkpt lat="18.882103" lon="98.814099">
        <ele>789.83</ele>
      </trkpt>
      <trkpt lat="18.882226" lon="98.814246">
        <ele>787.91</ele>
      </trkpt>
      <trkpt lat="18.882277" lon="98.814284">
        <ele>786.92</ele>
      </trkpt>
      <trkpt lat="18.882335" lon="98.814315">
        <ele>786.05</ele>
      </trkpt>
      <trkpt lat="18.882461" lon="98.814349">
        <ele>784.92</ele>
      </trkpt>
      <trkpt lat="18.882711" lon="98.814373">
        <ele>784.92</ele>
      </trkpt>
      <trkpt lat="18.882883" lon="98.814357">
        <ele>785.52</ele>
      </trkpt>
      <trkpt lat="18.883146" lon="98.814284">
        <ele>786.43</ele>
      </trkpt>
      <trkpt lat="18.883395" lon="98.814228">
        <ele>785.06</ele>
      </trkpt>
      <trkpt lat="18.883552" lon="98.814232">
        <ele>781.41</ele>
      </trkpt>
      <trkpt lat="18.883671" lon="98.814272">
        <ele>778.01</ele>
      </trkpt>
      <trkpt lat="18.883772" lon="98.814318">
        <ele>776.05</ele>
      </trkpt>
      <trkpt lat="18.883937" lon="98.814424">
        <ele>773.35</ele>
      </trkpt>
      <trkpt lat="18.88406" lon="98.814539">
        <ele>772.21</ele>
      </trkpt>
      <trkpt lat="18.884154" lon="98.814699">
        <ele>772.68</ele>
      </trkpt>
      <trkpt lat="18.884196" lon="98.814815">
        <ele>772.58</ele>
      </trkpt>
      <trkpt lat="18.884329" lon="98.81528">
        <ele>776.23</ele>
      </trkpt>
      <trkpt lat="18.88444" lon="98.815928">
        <ele>779.06</ele>
      </trkpt>
      <trkpt lat="18.884492" lon="98.816077">
        <ele>780.77</ele>
      </trkpt>
      <trkpt lat="18.884588" lon="98.816208">
        <ele>781.15</ele>
      </trkpt>
      <trkpt lat="18.884891" lon="98.816478">
        <ele>782.55</ele>
      </trkpt>
      <trkpt lat="18.88496" lon="98.816564">
        <ele>783.55</ele>
      </trkpt>
      <trkpt lat="18.885004" lon="98.81668">
        <ele>784.14</ele>
      </trkpt>
      <trkpt lat="18.884993" lon="98.816821">
        <ele>784.82</ele>
      </trkpt>
      <trkpt lat="18.884852" lon="98.817288">
        <ele>785.42</ele>
      </trkpt>
      <trkpt lat="18.884771" lon="98.817498">
        <ele>785.41</ele>
      </trkpt>
      <trkpt lat="18.88465" lon="98.817768">
        <ele>786.62</ele>
      </trkpt>
      <trkpt lat="18.884324" lon="98.818301">
        <ele>788.9</ele>
      </trkpt>
      <trkpt lat="18.884241" lon="98.81848">
        <ele>788.44</ele>
      </trkpt>
      <trkpt lat="18.884198" lon="98.818625">
        <ele>789.01</ele>
      </trkpt>
      <trkpt lat="18.884199" lon="98.818767">
        <ele>789.14</ele>
      </trkpt>
      <trkpt lat="18.884233" lon="98.818924">
        <ele>788.74</ele>
      </trkpt>
      <trkpt lat="18.884286" lon="98.81911">
        <ele>787.98</ele>
      </trkpt>
      <trkpt lat="18.884303" lon="98.819235">
        <ele>787.36</ele>
      </trkpt>
      <trkpt lat="18.88431" lon="98.819365">
        <ele>786.82</ele>
      </trkpt>
      <trkpt lat="18.884245" lon="98.819886">
        <ele>785.65</ele>
      </trkpt>
      <trkpt lat="18.884231" lon="98.820045">
        <ele>784.55</ele>
      </trkpt>
      <trkpt lat="18.884235" lon="98.820215">
        <ele>783.53</ele>
      </trkpt>
      <trkpt lat="18.884255" lon="98.820276">
        <ele>783.25</ele>
      </trkpt>
      <trkpt lat="18.884267" lon="98.820361">
        <ele>782.73</ele>
      </trkpt>
      <trkpt lat="18.884308" lon="98.820472">
        <ele>781.7</ele>
      </trkpt>
      <trkpt lat="18.884414" lon="98.820586">
        <ele>781.09</ele>
      </trkpt>
      <trkpt lat="18.8846" lon="98.820738">
        <ele>780.62</ele>
      </trkpt>
      <trkpt lat="18.884854" lon="98.820834">
        <ele>780</ele>
      </trkpt>
      <trkpt lat="18.885695" lon="98.820864">
        <ele>781.5</ele>
      </trkpt>
      <trkpt lat="18.885992" lon="98.820948">
        <ele>778.23</ele>
      </trkpt>
      <trkpt lat="18.886151" lon="98.821058">
        <ele>777.14</ele>
      </trkpt>
      <trkpt lat="18.886263" lon="98.821212">
        <ele>777.82</ele>
      </trkpt>
      <trkpt lat="18.886458" lon="98.821574">
        <ele>781.05</ele>
      </trkpt>
      <trkpt lat="18.886535" lon="98.821763">
        <ele>783.11</ele>
      </trkpt>
      <trkpt lat="18.886603" lon="98.821981">
        <ele>785.22</ele>
      </trkpt>
      <trkpt lat="18.886638" lon="98.822175">
        <ele>786.78</ele>
      </trkpt>
      <trkpt lat="18.886672" lon="98.822508">
        <ele>788.5</ele>
      </trkpt>
      <trkpt lat="18.886671" lon="98.822944">
        <ele>789.66</ele>
      </trkpt>
      <trkpt lat="18.886687" lon="98.823099">
        <ele>789.86</ele>
      </trkpt>
      <trkpt lat="18.886736" lon="98.823305">
        <ele>789.82</ele>
      </trkpt>
      <trkpt lat="18.88685" lon="98.823571">
        <ele>792.69</ele>
      </trkpt>
      <trkpt lat="18.886876" lon="98.823754">
        <ele>795.69</ele>
      </trkpt>
      <trkpt lat="18.886855" lon="98.823893">
        <ele>796.71</ele>
      </trkpt>
      <trkpt lat="18.886781" lon="98.824032">
        <ele>795.31</ele>
      </trkpt>
      <trkpt lat="18.886649" lon="98.824234">
        <ele>793.56</ele>
      </trkpt>
      <trkpt lat="18.886594" lon="98.824406">
        <ele>793.74</ele>
      </trkpt>
      <trkpt lat="18.886574" lon="98.824589">
        <ele>794.17</ele>
      </trkpt>
      <trkpt lat="18.886593" lon="98.824791">
        <ele>794.96</ele>
      </trkpt>
      <trkpt lat="18.886717" lon="98.825342">
        <ele>800.56</ele>
      </trkpt>
      <trkpt lat="18.886741" lon="98.825582">
        <ele>800.92</ele>
      </trkpt>
      <trkpt lat="18.886668" lon="98.825971">
        <ele>796.61</ele>
      </trkpt>
      <trkpt lat="18.886685" lon="98.826149">
        <ele>795.37</ele>
      </trkpt>
      <trkpt lat="18.886769" lon="98.82627">
        <ele>794.25</ele>
      </trkpt>
      <trkpt lat="18.886888" lon="98.826328">
        <ele>793.57</ele>
      </trkpt>
      <trkpt lat="18.887002" lon="98.826355">
        <ele>792.78</ele>
      </trkpt>
      <trkpt lat="18.887305" lon="98.826399">
        <ele>788.45</ele>
      </trkpt>
      <trkpt lat="18.887609" lon="98.826443">
        <ele>786.86</ele>
      </trkpt>
      <trkpt lat="18.887757" lon="98.82651">
        <ele>785.99</ele>
      </trkpt>
      <trkpt lat="18.887834" lon="98.826617">
        <ele>784.03</ele>
      </trkpt>
      <trkpt lat="18.887919" lon="98.826776">
        <ele>781.96</ele>
      </trkpt>
      <trkpt lat="18.887952" lon="98.826964">
        <ele>779.49</ele>
      </trkpt>
      <trkpt lat="18.887968" lon="98.827282">
        <ele>776.4</ele>
      </trkpt>
      <trkpt lat="18.887953" lon="98.827461">
        <ele>773.98</ele>
      </trkpt>
      <trkpt lat="18.887927" lon="98.827591">
        <ele>772.25</ele>
      </trkpt>
      <trkpt lat="18.887848" lon="98.827924">
        <ele>767.3</ele>
      </trkpt>
      <trkpt lat="18.887751" lon="98.828169">
        <ele>763.94</ele>
      </trkpt>
      <trkpt lat="18.887567" lon="98.828654">
        <ele>761.68</ele>
      </trkpt>
      <trkpt lat="18.88757" lon="98.828843">
        <ele>760.71</ele>
      </trkpt>
      <trkpt lat="18.887632" lon="98.828965">
        <ele>760.01</ele>
      </trkpt>
      <trkpt lat="18.887929" lon="98.829311">
        <ele>756.93</ele>
      </trkpt>
      <trkpt lat="18.888092" lon="98.829492">
        <ele>755</ele>
      </trkpt>
      <trkpt lat="18.888582" lon="98.830037">
        <ele>753.77</ele>
      </trkpt>
      <trkpt lat="18.888979" lon="98.830497">
        <ele>752.61</ele>
      </trkpt>
      <trkpt lat="18.889573" lon="98.831187">
        <ele>755.42</ele>
      </trkpt>
      <trkpt lat="18.889809" lon="98.83144">
        <ele>756.7</ele>
      </trkpt>
      <trkpt lat="18.890184" lon="98.831768">
        <ele>755.71</ele>
      </trkpt>
      <trkpt lat="18.890949" lon="98.832493">
        <ele>753.61</ele>
      </trkpt>
      <trkpt lat="18.891215" lon="98.832714">
        <ele>752.67</ele>
      </trkpt>
      <trkpt lat="18.891679" lon="98.833027">
        <ele>751.11</ele>
      </trkpt>
      <trkpt lat="18.891819" lon="98.833144">
        <ele>748.16</ele>
      </trkpt>
      <trkpt lat="18.891936" lon="98.833318">
        <ele>746.07</ele>
      </trkpt>
      <trkpt lat="18.892065" lon="98.833556">
        <ele>744.31</ele>
      </trkpt>
      <trkpt lat="18.892634" lon="98.834606">
        <ele>745.19</ele>
      </trkpt>
      <trkpt lat="18.892919" lon="98.835131">
        <ele>743.54</ele>
      </trkpt>
      <trkpt lat="18.893107" lon="98.835477">
        <ele>746.52</ele>
      </trkpt>
      <trkpt lat="18.89344" lon="98.836339">
        <ele>749.79</ele>
      </trkpt>
      <trkpt lat="18.893615" lon="98.836648">
        <ele>749.34</ele>
      </trkpt>
      <trkpt lat="18.893701" lon="98.836767">
        <ele>749.01</ele>
      </trkpt>
      <trkpt lat="18.893814" lon="98.836856">
        <ele>749.36</ele>
      </trkpt>
      <trkpt lat="18.894125" lon="98.836999">
        <ele>749.48</ele>
      </trkpt>
      <trkpt lat="18.894228" lon="98.83706">
        <ele>749.72</ele>
      </trkpt>
      <trkpt lat="18.894328" lon="98.837147">
        <ele>749.99</ele>
      </trkpt>
      <trkpt lat="18.894551" lon="98.83751">
        <ele>748.83</ele>
      </trkpt>
      <trkpt lat="18.894887" lon="98.837951">
        <ele>750.15</ele>
      </trkpt>
      <trkpt lat="18.895003" lon="98.838116">
        <ele>749.33</ele>
      </trkpt>
      <trkpt lat="18.895099" lon="98.838316">
        <ele>748.83</ele>
      </trkpt>
      <trkpt lat="18.895178" lon="98.838545">
        <ele>747.51</ele>
      </trkpt>
      <trkpt lat="18.895361" lon="98.839283">
        <ele>741.54</ele>
      </trkpt>
      <trkpt lat="18.895422" lon="98.839529">
        <ele>742.24</ele>
      </trkpt>
      <trkpt lat="18.895465" lon="98.839778">
        <ele>744.35</ele>
      </trkpt>
      <trkpt lat="18.895466" lon="98.839964">
        <ele>746.87</ele>
      </trkpt>
      <trkpt lat="18.895385" lon="98.840232">
        <ele>749.58</ele>
      </trkpt>
      <trkpt lat="18.895239" lon="98.840463">
        <ele>748.61</ele>
      </trkpt>
      <trkpt lat="18.895154" lon="98.840633">
        <ele>747.13</ele>
      </trkpt>
      <trkpt lat="18.895076" lon="98.840875">
        <ele>746.22</ele>
      </trkpt>
      <trkpt lat="18.895044" lon="98.84115">
        <ele>748.02</ele>
      </trkpt>
      <trkpt lat="18.895059" lon="98.841437">
        <ele>751.33</ele>
      </trkpt>
      <trkpt lat="18.895098" lon="98.841713">
        <ele>754.33</ele>
      </trkpt>
      <trkpt lat="18.895158" lon="98.84193">
        <ele>753.9</ele>
      </trkpt>
      <trkpt lat="18.895242" lon="98.842172">
        <ele>751.68</ele>
      </trkpt>
      <trkpt lat="18.895372" lon="98.842358">
        <ele>752.65</ele>
      </trkpt>
      <trkpt lat="18.895519" lon="98.842498">
        <ele>755.67</ele>
      </trkpt>
      <trkpt lat="18.89573" lon="98.842621">
        <ele>760.26</ele>
      </trkpt>
      <trkpt lat="18.89594" lon="98.842744">
        <ele>769.2</ele>
      </trkpt>
      <trkpt lat="18.896022" lon="98.842833">
        <ele>767.97</ele>
      </trkpt>
      <trkpt lat="18.896114" lon="98.842959">
        <ele>767.13</ele>
      </trkpt>
      <trkpt lat="18.896203" lon="98.843185">
        <ele>762.57</ele>
      </trkpt>
      <trkpt lat="18.896304" lon="98.843342">
        <ele>762.87</ele>
      </trkpt>
      <trkpt lat="18.896535" lon="98.843551">
        <ele>768.61</ele>
      </trkpt>
      <trkpt lat="18.896616" lon="98.843649">
        <ele>769.33</ele>
      </trkpt>
      <trkpt lat="18.896684" lon="98.843816">
        <ele>765.38</ele>
      </trkpt>
      <trkpt lat="18.896738" lon="98.844105">
        <ele>754.85</ele>
      </trkpt>
      <trkpt lat="18.896824" lon="98.844348">
        <ele>749.58</ele>
      </trkpt>
      <trkpt lat="18.896956" lon="98.844603">
        <ele>744.77</ele>
      </trkpt>
      <trkpt lat="18.897085" lon="98.844774">
        <ele>742.9</ele>
      </trkpt>
      <trkpt lat="18.897234" lon="98.844878">
        <ele>741.89</ele>
      </trkpt>
      <trkpt lat="18.897369" lon="98.844942">
        <ele>740.19</ele>
      </trkpt>
      <trkpt lat="18.897753" lon="98.84506">
        <ele>738.23</ele>
      </trkpt>
      <trkpt lat="18.897845" lon="98.845109">
        <ele>737.98</ele>
      </trkpt>
      <trkpt lat="18.897925" lon="98.845187">
        <ele>737.25</ele>
      </trkpt>
      <trkpt lat="18.897967" lon="98.845287">
        <ele>735.76</ele>
      </trkpt>
      <trkpt lat="18.897966" lon="98.845398">
        <ele>734.54</ele>
      </trkpt>
      <trkpt lat="18.897927" lon="98.845514">
        <ele>732.12</ele>
      </trkpt>
      <trkpt lat="18.897849" lon="98.845617">
        <ele>728.21</ele>
      </trkpt>
      <trkpt lat="18.897736" lon="98.8458">
        <ele>725.15</ele>
      </trkpt>
      <trkpt lat="18.897624" lon="98.845983">
        <ele>724.42</ele>
      </trkpt>
      <trkpt lat="18.897558" lon="98.846116">
        <ele>723.09</ele>
      </trkpt>
      <trkpt lat="18.897519" lon="98.846259">
        <ele>721.43</ele>
      </trkpt>
      <trkpt lat="18.897537" lon="98.8464">
        <ele>720.87</ele>
      </trkpt>
      <trkpt lat="18.897599" lon="98.846556">
        <ele>720.22</ele>
      </trkpt>
      <trkpt lat="18.897698" lon="98.846718">
        <ele>718.06</ele>
      </trkpt>
      <trkpt lat="18.897921" lon="98.846959">
        <ele>714.41</ele>
      </trkpt>
      <trkpt lat="18.898143" lon="98.8472">
        <ele>708.56</ele>
      </trkpt>
      <trkpt lat="18.898285" lon="98.847285">
        <ele>705.99</ele>
      </trkpt>
      <trkpt lat="18.8984" lon="98.84734">
        <ele>704.31</ele>
      </trkpt>
      <trkpt lat="18.89862" lon="98.847421">
        <ele>702.84</ele>
      </trkpt>
      <trkpt lat="18.898733" lon="98.847498">
        <ele>701.43</ele>
      </trkpt>
      <trkpt lat="18.898827" lon="98.847597">
        <ele>699.41</ele>
      </trkpt>
      <trkpt lat="18.89889" lon="98.847731">
        <ele>696.02</ele>
      </trkpt>
      <trkpt lat="18.898993" lon="98.848136">
        <ele>688.77</ele>
      </trkpt>
      <trkpt lat="18.89904" lon="98.848385">
        <ele>687.79</ele>
      </trkpt>
      <trkpt lat="18.899087" lon="98.848633">
        <ele>691.02</ele>
      </trkpt>
      <trkpt lat="18.899096" lon="98.848959">
        <ele>691.78</ele>
      </trkpt>
      <trkpt lat="18.899055" lon="98.849148">
        <ele>690.23</ele>
      </trkpt>
      <trkpt lat="18.898933" lon="98.849371">
        <ele>686.43</ele>
      </trkpt>
      <trkpt lat="18.898826" lon="98.849534">
        <ele>683.72</ele>
      </trkpt>
      <trkpt lat="18.89869" lon="98.84968">
        <ele>681.54</ele>
      </trkpt>
      <trkpt lat="18.898422" lon="98.849921">
        <ele>682.59</ele>
      </trkpt>
      <trkpt lat="18.898202" lon="98.850144">
        <ele>683.97</ele>
      </trkpt>
      <trkpt lat="18.898032" lon="98.850376">
        <ele>680.97</ele>
      </trkpt>
      <trkpt lat="18.897959" lon="98.850547">
        <ele>679.38</ele>
      </trkpt>
      <trkpt lat="18.897918" lon="98.85071">
        <ele>677.83</ele>
      </trkpt>
      <trkpt lat="18.897902" lon="98.850856">
        <ele>676.14</ele>
      </trkpt>
      <trkpt lat="18.897912" lon="98.85099">
        <ele>674.64</ele>
      </trkpt>
      <trkpt lat="18.897962" lon="98.85109">
        <ele>674.07</ele>
      </trkpt>
      <trkpt lat="18.898065" lon="98.851205">
        <ele>674.02</ele>
      </trkpt>
      <trkpt lat="18.898246" lon="98.85137">
        <ele>675.24</ele>
      </trkpt>
      <trkpt lat="18.898345" lon="98.85149">
        <ele>677.01</ele>
      </trkpt>
      <trkpt lat="18.8984" lon="98.851639">
        <ele>677.51</ele>
      </trkpt>
      <trkpt lat="18.8984" lon="98.851879">
        <ele>675.33</ele>
      </trkpt>
      <trkpt lat="18.898354" lon="98.8521">
        <ele>672.57</ele>
      </trkpt>
      <trkpt lat="18.898251" lon="98.852411">
        <ele>669.07</ele>
      </trkpt>
      <trkpt lat="18.897928" lon="98.853156">
        <ele>658.2</ele>
      </trkpt>
      <trkpt lat="18.897886" lon="98.853323">
        <ele>656.24</ele>
      </trkpt>
      <trkpt lat="18.89787" lon="98.853498">
        <ele>654.2</ele>
      </trkpt>
      <trkpt lat="18.897876" lon="98.853662">
        <ele>651.81</ele>
      </trkpt>
      <trkpt lat="18.897959" lon="98.853793">
        <ele>650.92</ele>
      </trkpt>
      <trkpt lat="18.898111" lon="98.853898">
        <ele>650.48</ele>
      </trkpt>
      <trkpt lat="18.898456" lon="98.854047">
        <ele>647.88</ele>
      </trkpt>
      <trkpt lat="18.898726" lon="98.854211">
        <ele>646.69</ele>
      </trkpt>
      <trkpt lat="18.899266" lon="98.854538">
        <ele>647.68</ele>
      </trkpt>
      <trkpt lat="18.899403" lon="98.854652">
        <ele>647.74</ele>
      </trkpt>
      <trkpt lat="18.899485" lon="98.85477">
        <ele>646.2</ele>
      </trkpt>
      <trkpt lat="18.899538" lon="98.854941">
        <ele>643.57</ele>
      </trkpt>
      <trkpt lat="18.89955" lon="98.855096">
        <ele>642.55</ele>
      </trkpt>
      <trkpt lat="18.899517" lon="98.855391">
        <ele>641.08</ele>
      </trkpt>
      <trkpt lat="18.899509" lon="98.85569">
        <ele>640.38</ele>
      </trkpt>
      <trkpt lat="18.899468" lon="98.855931">
        <ele>639.68</ele>
      </trkpt>
      <trkpt lat="18.899391" lon="98.856194">
        <ele>641.1</ele>
      </trkpt>
      <trkpt lat="18.899278" lon="98.856425">
        <ele>639.52</ele>
      </trkpt>
      <trkpt lat="18.899084" lon="98.856815">
        <ele>639.68</ele>
      </trkpt>
      <trkpt lat="18.899003" lon="98.857016">
        <ele>641.58</ele>
      </trkpt>
      <trkpt lat="18.898954" lon="98.857243">
        <ele>644.9</ele>
      </trkpt>
      <trkpt lat="18.89895" lon="98.857913">
        <ele>652.73</ele>
      </trkpt>
      <trkpt lat="18.898897" lon="98.858085">
        <ele>652.01</ele>
      </trkpt>
      <trkpt lat="18.898808" lon="98.858201">
        <ele>648.32</ele>
      </trkpt>
      <trkpt lat="18.898648" lon="98.858378">
        <ele>642.68</ele>
      </trkpt>
      <trkpt lat="18.89859" lon="98.85847">
        <ele>641.2</ele>
      </trkpt>
      <trkpt lat="18.898569" lon="98.858567">
        <ele>640.64</ele>
      </trkpt>
      <trkpt lat="18.898571" lon="98.858699">
        <ele>640.3</ele>
      </trkpt>
      <trkpt lat="18.898625" lon="98.859162">
        <ele>638.76</ele>
      </trkpt>
      <trkpt lat="18.898655" lon="98.859527">
        <ele>634.53</ele>
      </trkpt>
      <trkpt lat="18.898721" lon="98.859693">
        <ele>633.7</ele>
      </trkpt>
      <trkpt lat="18.898825" lon="98.859859">
        <ele>632.64</ele>
      </trkpt>
      <trkpt lat="18.89899" lon="98.860023">
        <ele>631.7</ele>
      </trkpt>
      <trkpt lat="18.899137" lon="98.860169">
        <ele>628.4</ele>
      </trkpt>
      <trkpt lat="18.899212" lon="98.860234">
        <ele>626.31</ele>
      </trkpt>
      <trkpt lat="18.899282" lon="98.860339">
        <ele>622.9</ele>
      </trkpt>
      <trkpt lat="18.899326" lon="98.860471">
        <ele>619.37</ele>
      </trkpt>
      <trkpt lat="18.899327" lon="98.860725">
        <ele>615.74</ele>
      </trkpt>
      <trkpt lat="18.899328" lon="98.860979">
        <ele>617.16</ele>
      </trkpt>
      <trkpt lat="18.899299" lon="98.861386">
        <ele>622.11</ele>
      </trkpt>
      <trkpt lat="18.899264" lon="98.861675">
        <ele>620.88</ele>
      </trkpt>
      <trkpt lat="18.899201" lon="98.861874">
        <ele>619.99</ele>
      </trkpt>
      <trkpt lat="18.899053" lon="98.862107">
        <ele>619.52</ele>
      </trkpt>
      <trkpt lat="18.898905" lon="98.862339">
        <ele>615.59</ele>
      </trkpt>
      <trkpt lat="18.898877" lon="98.862558">
        <ele>614.72</ele>
      </trkpt>
      <trkpt lat="18.898918" lon="98.862815">
        <ele>616.28</ele>
      </trkpt>
      <trkpt lat="18.899039" lon="98.863084">
        <ele>618.1</ele>
      </trkpt>
      <trkpt lat="18.899122" lon="98.863271">
        <ele>616.72</ele>
      </trkpt>
      <trkpt lat="18.899155" lon="98.863539">
        <ele>610.32</ele>
      </trkpt>
      <trkpt lat="18.899188" lon="98.863807">
        <ele>608.95</ele>
      </trkpt>
      <trkpt lat="18.899331" lon="98.864183">
        <ele>611.04</ele>
      </trkpt>
      <trkpt lat="18.899352" lon="98.864379">
        <ele>608.35</ele>
      </trkpt>
      <trkpt lat="18.8993" lon="98.864701">
        <ele>603</ele>
      </trkpt>
      <trkpt lat="18.899247" lon="98.865023">
        <ele>600.22</ele>
      </trkpt>
      <trkpt lat="18.899265" lon="98.865255">
        <ele>600.63</ele>
      </trkpt>
      <trkpt lat="18.899384" lon="98.865577">
        <ele>603.08</ele>
      </trkpt>
      <trkpt lat="18.899502" lon="98.8659">
        <ele>599.65</ele>
      </trkpt>
      <trkpt lat="18.899618" lon="98.866363">
        <ele>594.03</ele>
      </trkpt>
      <trkpt lat="18.899875" lon="98.866916">
        <ele>594.89</ele>
      </trkpt>
      <trkpt lat="18.899939" lon="98.867231">
        <ele>593.92</ele>
      </trkpt>
      <trkpt lat="18.899909" lon="98.8678">
        <ele>597.04</ele>
      </trkpt>
      <trkpt lat="18.899963" lon="98.868067">
        <ele>595.41</ele>
      </trkpt>
      <trkpt lat="18.900202" lon="98.868508">
        <ele>597.25</ele>
      </trkpt>
      <trkpt lat="18.900238" lon="98.868738">
        <ele>593.3</ele>
      </trkpt>
      <trkpt lat="18.900145" lon="98.869381">
        <ele>580.86</ele>
      </trkpt>
      <trkpt lat="18.900148" lon="98.869687">
        <ele>578.77</ele>
      </trkpt>
      <trkpt lat="18.900226" lon="98.869836">
        <ele>577.42</ele>
      </trkpt>
      <trkpt lat="18.900498" lon="98.870182">
        <ele>577.64</ele>
      </trkpt>
      <trkpt lat="18.900591" lon="98.87059">
        <ele>574</ele>
      </trkpt>
      <trkpt lat="18.900581" lon="98.870913">
        <ele>573.29</ele>
      </trkpt>
      <trkpt lat="18.900533" lon="98.871134">
        <ele>571.61</ele>
      </trkpt>
      <trkpt lat="18.900431" lon="98.871354">
        <ele>568.46</ele>
      </trkpt>
      <trkpt lat="18.900274" lon="98.871585">
        <ele>562.52</ele>
      </trkpt>
      <trkpt lat="18.900117" lon="98.871817">
        <ele>560.36</ele>
      </trkpt>
      <trkpt lat="18.899802" lon="98.87228">
        <ele>560.09</ele>
      </trkpt>
      <trkpt lat="18.899467" lon="98.872962">
        <ele>553.14</ele>
      </trkpt>
      <trkpt lat="18.899383" lon="98.873388">
        <ele>547.48</ele>
      </trkpt>
      <trkpt lat="18.899377" lon="98.873753">
        <ele>546.23</ele>
      </trkpt>
      <trkpt lat="18.899427" lon="98.874182">
        <ele>547.69</ele>
      </trkpt>
      <trkpt lat="18.899558" lon="98.874477">
        <ele>546.08</ele>
      </trkpt>
      <trkpt lat="18.899819" lon="98.875069">
        <ele>545.95</ele>
      </trkpt>
      <trkpt lat="18.899957" lon="98.875463">
        <ele>542.66</ele>
      </trkpt>
      <trkpt lat="18.900039" lon="98.875811">
        <ele>540.46</ele>
      </trkpt>
      <trkpt lat="18.90008" lon="98.876112">
        <ele>539</ele>
      </trkpt>
      <trkpt lat="18.900064" lon="98.876535">
        <ele>540.57</ele>
      </trkpt>
      <trkpt lat="18.899811" lon="98.877588">
        <ele>541.91</ele>
      </trkpt>
      <trkpt lat="18.899782" lon="98.8778">
        <ele>541.72</ele>
      </trkpt>
      <trkpt lat="18.899754" lon="98.878012">
        <ele>539.19</ele>
      </trkpt>
      <trkpt lat="18.89975" lon="98.878346">
        <ele>536</ele>
      </trkpt>
      <trkpt lat="18.89976" lon="98.878633">
        <ele>536.76</ele>
      </trkpt>
      <trkpt lat="18.89977" lon="98.878919">
        <ele>539.61</ele>
      </trkpt>
      <trkpt lat="18.899871" lon="98.879357">
        <ele>546.22</ele>
      </trkpt>
      <trkpt lat="18.899919" lon="98.879758">
        <ele>548.26</ele>
      </trkpt>
      <trkpt lat="18.899981" lon="98.879989">
        <ele>546.46</ele>
      </trkpt>
      <trkpt lat="18.900054" lon="98.880134">
        <ele>544.76</ele>
      </trkpt>
      <trkpt lat="18.900241" lon="98.880335">
        <ele>542.38</ele>
      </trkpt>
      <trkpt lat="18.900409" lon="98.880504">
        <ele>539.29</ele>
      </trkpt>
      <trkpt lat="18.900499" lon="98.880642">
        <ele>537.14</ele>
      </trkpt>
      <trkpt lat="18.900578" lon="98.880873">
        <ele>533.26</ele>
      </trkpt>
      <trkpt lat="18.900629" lon="98.881063">
        <ele>530.51</ele>
      </trkpt>
      <trkpt lat="18.900729" lon="98.881594">
        <ele>527.75</ele>
      </trkpt>
      <trkpt lat="18.900842" lon="98.881922">
        <ele>526.53</ele>
      </trkpt>
      <trkpt lat="18.901025" lon="98.8822">
        <ele>526.03</ele>
      </trkpt>
      <trkpt lat="18.901357" lon="98.882623">
        <ele>528.73</ele>
      </trkpt>
      <trkpt lat="18.901523" lon="98.882834">
        <ele>534.32</ele>
      </trkpt>
      <trkpt lat="18.901566" lon="98.882904">
        <ele>536.44</ele>
      </trkpt>
      <trkpt lat="18.901578" lon="98.882995">
        <ele>537.76</ele>
      </trkpt>
      <trkpt lat="18.901573" lon="98.883076">
        <ele>538.03</ele>
      </trkpt>
      <trkpt lat="18.901536" lon="98.883176">
        <ele>537.44</ele>
      </trkpt>
      <trkpt lat="18.901452" lon="98.883274">
        <ele>535.48</ele>
      </trkpt>
      <trkpt lat="18.901177" lon="98.883703">
        <ele>530.4</ele>
      </trkpt>
      <trkpt lat="18.901092" lon="98.883907">
        <ele>530.2</ele>
      </trkpt>
      <trkpt lat="18.90107" lon="98.884071">
        <ele>530.08</ele>
      </trkpt>
      <trkpt lat="18.901143" lon="98.884393">
        <ele>532.86</ele>
      </trkpt>
      <trkpt lat="18.901235" lon="98.884728">
        <ele>535.38</ele>
      </trkpt>
      <trkpt lat="18.901326" lon="98.885064">
        <ele>535.26</ele>
      </trkpt>
      <trkpt lat="18.901672" lon="98.885838">
        <ele>531.66</ele>
      </trkpt>
      <trkpt lat="18.902096" lon="98.886478">
        <ele>538.69</ele>
      </trkpt>
      <trkpt lat="18.902315" lon="98.886808">
        <ele>538.16</ele>
      </trkpt>
      <trkpt lat="18.902453" lon="98.886995">
        <ele>539.09</ele>
      </trkpt>
      <trkpt lat="18.902729" lon="98.887371">
        <ele>548.75</ele>
      </trkpt>
      <trkpt lat="18.903" lon="98.887617">
        <ele>553.68</ele>
      </trkpt>
      <trkpt lat="18.903447" lon="98.887918">
        <ele>556.11</ele>
      </trkpt>
      <trkpt lat="18.903894" lon="98.888219">
        <ele>551.92</ele>
      </trkpt>
      <trkpt lat="18.904237" lon="98.888399">
        <ele>548.36</ele>
      </trkpt>
      <trkpt lat="18.904435" lon="98.88846">
        <ele>546.31</ele>
      </trkpt>
      <trkpt lat="18.904589" lon="98.888429">
        <ele>544.5</ele>
      </trkpt>
      <trkpt lat="18.904712" lon="98.888352">
        <ele>543.2</ele>
      </trkpt>
      <trkpt lat="18.904852" lon="98.888214">
        <ele>541.31</ele>
      </trkpt>
      <trkpt lat="18.905032" lon="98.888102">
        <ele>538.05</ele>
      </trkpt>
      <trkpt lat="18.905353" lon="98.888037">
        <ele>533.23</ele>
      </trkpt>
      <trkpt lat="18.905614" lon="98.888059">
        <ele>528.21</ele>
      </trkpt>
      <trkpt lat="18.905865" lon="98.888137">
        <ele>527.58</ele>
      </trkpt>
      <trkpt lat="18.906123" lon="98.888315">
        <ele>532.43</ele>
      </trkpt>
      <trkpt lat="18.906345" lon="98.888478">
        <ele>535.68</ele>
      </trkpt>
      <trkpt lat="18.907233" lon="98.889129">
        <ele>528.72</ele>
      </trkpt>
      <trkpt lat="18.907464" lon="98.889336">
        <ele>527</ele>
      </trkpt>
      <trkpt lat="18.907694" lon="98.889542">
        <ele>527.9</ele>
      </trkpt>
      <trkpt lat="18.908155" lon="98.889955">
        <ele>520.22</ele>
      </trkpt>
      <trkpt lat="18.908253" lon="98.890101">
        <ele>518.54</ele>
      </trkpt>
      <trkpt lat="18.908273" lon="98.890308">
        <ele>518.36</ele>
      </trkpt>
      <trkpt lat="18.90821" lon="98.890521">
        <ele>518.88</ele>
      </trkpt>
      <trkpt lat="18.908058" lon="98.890797">
        <ele>519.38</ele>
      </trkpt>
      <trkpt lat="18.907927" lon="98.890985">
        <ele>518.51</ele>
      </trkpt>
      <trkpt lat="18.907866" lon="98.891132">
        <ele>518.17</ele>
      </trkpt>
      <trkpt lat="18.90785" lon="98.891319">
        <ele>517.19</ele>
      </trkpt>
      <trkpt lat="18.907904" lon="98.891572">
        <ele>515.02</ele>
      </trkpt>
      <trkpt lat="18.90814" lon="98.89221">
        <ele>509.53</ele>
      </trkpt>
      <trkpt lat="18.908166" lon="98.892301">
        <ele>509.94</ele>
      </trkpt>
      <trkpt lat="18.908188" lon="98.892425">
        <ele>510.66</ele>
      </trkpt>
      <trkpt lat="18.908179" lon="98.892561">
        <ele>511.63</ele>
      </trkpt>
      <trkpt lat="18.908118" lon="98.892698">
        <ele>511.14</ele>
      </trkpt>
      <trkpt lat="18.908014" lon="98.892873">
        <ele>510.03</ele>
      </trkpt>
      <trkpt lat="18.90796" lon="98.893061">
        <ele>508.94</ele>
      </trkpt>
      <trkpt lat="18.907948" lon="98.893191">
        <ele>507.89</ele>
      </trkpt>
      <trkpt lat="18.908021" lon="98.893397">
        <ele>506.47</ele>
      </trkpt>
      <trkpt lat="18.90814" lon="98.893571">
        <ele>503.28</ele>
      </trkpt>
      <trkpt lat="18.908461" lon="98.893844">
        <ele>499.13</ele>
      </trkpt>
      <trkpt lat="18.908668" lon="98.894106">
        <ele>497.97</ele>
      </trkpt>
      <trkpt lat="18.908761" lon="98.894363">
        <ele>496.02</ele>
      </trkpt>
      <trkpt lat="18.908763" lon="98.894596">
        <ele>495.29</ele>
      </trkpt>
      <trkpt lat="18.908723" lon="98.894749">
        <ele>495.1</ele>
      </trkpt>
      <trkpt lat="18.908624" lon="98.894872">
        <ele>493.72</ele>
      </trkpt>
      <trkpt lat="18.9084" lon="98.894994">
        <ele>488.71</ele>
      </trkpt>
      <trkpt lat="18.907989" lon="98.895202">
        <ele>478.92</ele>
      </trkpt>
      <trkpt lat="18.907885" lon="98.895339">
        <ele>476.19</ele>
      </trkpt>
      <trkpt lat="18.907879" lon="98.895538">
        <ele>474.18</ele>
      </trkpt>
      <trkpt lat="18.907962" lon="98.895721">
        <ele>472.14</ele>
      </trkpt>
      <trkpt lat="18.908272" lon="98.896052">
        <ele>469.07</ele>
      </trkpt>
      <trkpt lat="18.908346" lon="98.896231">
        <ele>467.53</ele>
      </trkpt>
      <trkpt lat="18.908378" lon="98.896404">
        <ele>467.35</ele>
      </trkpt>
      <trkpt lat="18.908331" lon="98.896574">
        <ele>465.71</ele>
      </trkpt>
      <trkpt lat="18.908206" lon="98.896882">
        <ele>464.72</ele>
      </trkpt>
      <trkpt lat="18.908096" lon="98.897064">
        <ele>463.74</ele>
      </trkpt>
      <trkpt lat="18.907774" lon="98.897477">
        <ele>456.42</ele>
      </trkpt>
      <trkpt lat="18.907704" lon="98.897786">
        <ele>453.82</ele>
      </trkpt>
      <trkpt lat="18.907698" lon="98.898069">
        <ele>451.21</ele>
      </trkpt>
      <trkpt lat="18.907685" lon="98.898633">
        <ele>442.73</ele>
      </trkpt>
      <trkpt lat="18.907726" lon="98.898822">
        <ele>440.48</ele>
      </trkpt>
      <trkpt lat="18.907797" lon="98.89896">
        <ele>439.95</ele>
      </trkpt>
      <trkpt lat="18.908069" lon="98.899411">
        <ele>435.49</ele>
      </trkpt>
      <trkpt lat="18.908274" lon="98.899689">
        <ele>434.6</ele>
      </trkpt>
      <trkpt lat="18.908479" lon="98.899967">
        <ele>430.77</ele>
      </trkpt>
      <trkpt lat="18.908642" lon="98.900098">
        <ele>429.41</ele>
      </trkpt>
      <trkpt lat="18.909464" lon="98.900305">
        <ele>426.71</ele>
      </trkpt>
      <trkpt lat="18.909703" lon="98.900412">
        <ele>421.72</ele>
      </trkpt>
      <trkpt lat="18.90985" lon="98.900546">
        <ele>418.4</ele>
      </trkpt>
      <trkpt lat="18.909922" lon="98.90073">
        <ele>416.78</ele>
      </trkpt>
      <trkpt lat="18.909901" lon="98.900934">
        <ele>414.71</ele>
      </trkpt>
      <trkpt lat="18.909749" lon="98.901076">
        <ele>412.06</ele>
      </trkpt>
      <trkpt lat="18.909561" lon="98.901186">
        <ele>410.11</ele>
      </trkpt>
      <trkpt lat="18.909421" lon="98.901341">
        <ele>407.74</ele>
      </trkpt>
      <trkpt lat="18.909171" lon="98.901815">
        <ele>401.52</ele>
      </trkpt>
      <trkpt lat="18.908983" lon="98.901979">
        <ele>401.05</ele>
      </trkpt>
      <trkpt lat="18.908857" lon="98.901999">
        <ele>401.91</ele>
      </trkpt>
      <trkpt lat="18.908724" lon="98.901968">
        <ele>403.15</ele>
      </trkpt>
      <trkpt lat="18.908635" lon="98.901882">
        <ele>403.69</ele>
      </trkpt>
      <trkpt lat="18.908619" lon="98.901793">
        <ele>403.79</ele>
      </trkpt>
      <trkpt lat="18.908673" lon="98.901614">
        <ele>403.51</ele>
      </trkpt>
      <trkpt lat="18.908769" lon="98.901508">
        <ele>404.41</ele>
      </trkpt>
      <trkpt lat="18.908861" lon="98.901384">
        <ele>406.33</ele>
      </trkpt>
      <trkpt lat="18.908887" lon="98.901269">
        <ele>407.97</ele>
      </trkpt>
      <trkpt lat="18.908856" lon="98.901175">
        <ele>408.86</ele>
      </trkpt>
      <trkpt lat="18.90874" lon="98.901081">
        <ele>409.11</ele>
      </trkpt>
      <trkpt lat="18.908574" lon="98.901007">
        <ele>409.67</ele>
      </trkpt>
      <trkpt lat="18.908342" lon="98.900974">
        <ele>407.88</ele>
      </trkpt>
      <trkpt lat="18.908146" lon="98.90097">
        <ele>404.62</ele>
      </trkpt>
      <trkpt lat="18.907984" lon="98.901017">
        <ele>401.08</ele>
      </trkpt>
      <trkpt lat="18.907885" lon="98.90112">
        <ele>398.12</ele>
      </trkpt>
      <trkpt lat="18.907791" lon="98.901258">
        <ele>395.99</ele>
      </trkpt>
      <trkpt lat="18.907712" lon="98.9015">
        <ele>393.4</ele>
      </trkpt>
      <trkpt lat="18.907513" lon="98.902348">
        <ele>391.14</ele>
      </trkpt>
      <trkpt lat="18.907447" lon="98.902631">
        <ele>388.72</ele>
      </trkpt>
      <trkpt lat="18.907405" lon="98.903058">
        <ele>385.79</ele>
      </trkpt>
      <trkpt lat="18.907431" lon="98.903194">
        <ele>384.11</ele>
      </trkpt>
      <trkpt lat="18.907653" lon="98.903852">
        <ele>369.05</ele>
      </trkpt>
      <trkpt lat="18.907842" lon="98.904329">
        <ele>365.57</ele>
      </trkpt>
      <trkpt lat="18.907952" lon="98.904544">
        <ele>365.3</ele>
      </trkpt>
      <trkpt lat="18.908059" lon="98.904702">
        <ele>365.23</ele>
      </trkpt>
      <trkpt lat="18.908254" lon="98.904937">
        <ele>361.13</ele>
      </trkpt>
      <trkpt lat="18.908313" lon="98.905007">
        <ele>359.9</ele>
      </trkpt>
      <trkpt lat="18.908669" lon="98.905599">
        <ele>351.7</ele>
      </trkpt>
      <trkpt lat="18.90874" lon="98.905672">
        <ele>351.05</ele>
      </trkpt>
      <trkpt lat="18.908829" lon="98.90572">
        <ele>349.88</ele>
      </trkpt>
      <trkpt lat="18.909314" lon="98.905808">
        <ele>347.11</ele>
      </trkpt>
      <trkpt lat="18.910169" lon="98.905975">
        <ele>348.73</ele>
      </trkpt>
      <trkpt lat="18.91049" lon="98.905996">
        <ele>349.44</ele>
      </trkpt>
      <trkpt lat="18.910981" lon="98.90597">
        <ele>347.16</ele>
      </trkpt>
      <trkpt lat="18.911747" lon="98.905874">
        <ele>347.29</ele>
      </trkpt>
      <trkpt lat="18.912333" lon="98.905817">
        <ele>347.97</ele>
      </trkpt>
      <trkpt lat="18.912919" lon="98.905761">
        <ele>346.51</ele>
      </trkpt>
      <trkpt lat="18.913881" lon="98.905677">
        <ele>348</ele>
      </trkpt>
      <trkpt lat="18.914132" lon="98.905706">
        <ele>346.98</ele>
      </trkpt>
      <trkpt lat="18.914238" lon="98.905726">
        <ele>346.79</ele>
      </trkpt>
      <trkpt lat="18.91434" lon="98.905768">
        <ele>346.3</ele>
      </trkpt>
      <trkpt lat="18.914496" lon="98.905848">
        <ele>345.67</ele>
      </trkpt>
      <trkpt lat="18.914693" lon="98.906013">
        <ele>345</ele>
      </trkpt>
      <trkpt lat="18.914835" lon="98.906166">
        <ele>345</ele>
      </trkpt>
      <trkpt lat="18.914975" lon="98.906359">
        <ele>345.27</ele>
      </trkpt>
      <trkpt lat="18.915081" lon="98.906612">
        <ele>345.52</ele>
      </trkpt>
      <trkpt lat="18.915537" lon="98.908123">
        <ele>347.22</ele>
      </trkpt>
      <trkpt lat="18.91555" lon="98.908161">
        <ele>347.45</ele>
      </trkpt>
      <trkpt lat="18.915642" lon="98.908317">
        <ele>348.22</ele>
      </trkpt>
      <trkpt lat="18.915887" lon="98.908585">
        <ele>348</ele>
      </trkpt>
      <trkpt lat="18.916177" lon="98.908799">
        <ele>349.15</ele>
      </trkpt>
      <trkpt lat="18.916769" lon="98.909152">
        <ele>351.34</ele>
      </trkpt>
      <trkpt lat="18.916926" lon="98.909286">
        <ele>351.72</ele>
      </trkpt>
      <trkpt lat="18.917012" lon="98.909415">
        <ele>351.21</ele>
      </trkpt>
      <trkpt lat="18.917115" lon="98.909616">
        <ele>351.09</ele>
      </trkpt>
      <trkpt lat="18.917779" lon="98.911124">
        <ele>343.33</ele>
      </trkpt>
      <trkpt lat="18.918223" lon="98.912329">
        <ele>341.48</ele>
      </trkpt>
      <trkpt lat="18.918729" lon="98.913745">
        <ele>347.6</ele>
      </trkpt>
      <trkpt lat="18.918876" lon="98.914293">
        <ele>347.48</ele>
      </trkpt>
      <trkpt lat="18.918995" lon="98.914797">
        <ele>348.98</ele>
      </trkpt>
      <trkpt lat="18.919131" lon="98.915263">
        <ele>350.77</ele>
      </trkpt>
      <trkpt lat="18.919321" lon="98.915831">
        <ele>351.9</ele>
      </trkpt>
      <trkpt lat="18.919446" lon="98.916136">
        <ele>350.14</ele>
      </trkpt>
      <trkpt lat="18.919537" lon="98.916321">
        <ele>350</ele>
      </trkpt>
      <trkpt lat="18.919638" lon="98.91649">
        <ele>349.19</ele>
      </trkpt>
      <trkpt lat="18.919765" lon="98.916653">
        <ele>349.24</ele>
      </trkpt>
      <trkpt lat="18.920601" lon="98.917476">
        <ele>357.7</ele>
      </trkpt>
      <trkpt lat="18.92075" lon="98.917648">
        <ele>358.46</ele>
      </trkpt>
      <trkpt lat="18.920819" lon="98.917769">
        <ele>358.07</ele>
      </trkpt>
      <trkpt lat="18.92087" lon="98.917945">
        <ele>358.01</ele>
      </trkpt>
      <trkpt lat="18.92089" lon="98.918059">
        <ele>358.26</ele>
      </trkpt>
      <trkpt lat="18.920896" lon="98.918563">
        <ele>360.25</ele>
      </trkpt>
      <trkpt lat="18.920897" lon="98.918957">
        <ele>360.07</ele>
      </trkpt>
      <trkpt lat="18.920874" lon="98.919114">
        <ele>360.05</ele>
      </trkpt>
      <trkpt lat="18.920801" lon="98.919281">
        <ele>359.16</ele>
      </trkpt>
      <trkpt lat="18.920728" lon="98.919386">
        <ele>359</ele>
      </trkpt>
      <trkpt lat="18.92047" lon="98.919696">
        <ele>359.56</ele>
      </trkpt>
      <trkpt lat="18.920354" lon="98.919943">
        <ele>358.66</ele>
      </trkpt>
      <trkpt lat="18.920281" lon="98.92023">
        <ele>358</ele>
      </trkpt>
      <trkpt lat="18.920281" lon="98.920454">
        <ele>357.08</ele>
      </trkpt>
      <trkpt lat="18.920332" lon="98.920728">
        <ele>354.88</ele>
      </trkpt>
      <trkpt lat="18.92055" lon="98.92144">
        <ele>349.24</ele>
      </trkpt>
      <trkpt lat="18.920582" lon="98.921645">
        <ele>347.28</ele>
      </trkpt>
      <trkpt lat="18.920579" lon="98.921836">
        <ele>346.05</ele>
      </trkpt>
      <trkpt lat="18.920539" lon="98.922188">
        <ele>345</ele>
      </trkpt>
      <trkpt lat="18.92054" lon="98.922326">
        <ele>344.2</ele>
      </trkpt>
      <trkpt lat="18.920581" lon="98.922476">
        <ele>344</ele>
      </trkpt>
      <trkpt lat="18.92064" lon="98.922596">
        <ele>344.06</ele>
      </trkpt>
      <trkpt lat="18.920777" lon="98.922755">
        <ele>344</ele>
      </trkpt>
      <trkpt lat="18.920917" lon="98.922864">
        <ele>344.06</ele>
      </trkpt>
      <trkpt lat="18.921455" lon="98.923075">
        <ele>343.86</ele>
      </trkpt>
      <trkpt lat="18.922021" lon="98.923236">
        <ele>342.91</ele>
      </trkpt>
      <trkpt lat="18.922151" lon="98.923321">
        <ele>342.26</ele>
      </trkpt>
      <trkpt lat="18.922192" lon="98.923375">
        <ele>342.04</ele>
      </trkpt>
      <trkpt lat="18.922234" lon="98.92345">
        <ele>342</ele>
      </trkpt>
      <trkpt lat="18.922298" lon="98.923612">
        <ele>342.08</ele>
      </trkpt>
      <trkpt lat="18.92233" lon="98.923773">
        <ele>342.69</ele>
      </trkpt>
      <trkpt lat="18.922326" lon="98.923969">
        <ele>343.45</ele>
      </trkpt>
      <trkpt lat="18.922269" lon="98.924208">
        <ele>343.84</ele>
      </trkpt>
      <trkpt lat="18.922071" lon="98.924763">
        <ele>345.85</ele>
      </trkpt>
      <trkpt lat="18.921973" lon="98.925072">
        <ele>346.11</ele>
      </trkpt>
      <trkpt lat="18.921762" lon="98.926316">
        <ele>350.01</ele>
      </trkpt>
      <trkpt lat="18.921687" lon="98.926624">
        <ele>349.62</ele>
      </trkpt>
      <trkpt lat="18.921551" lon="98.926908">
        <ele>349.61</ele>
      </trkpt>
      <trkpt lat="18.921232" lon="98.927368">
        <ele>349.58</ele>
      </trkpt>
      <trkpt lat="18.921073" lon="98.927598">
        <ele>347.34</ele>
      </trkpt>
      <trkpt lat="18.92041" lon="98.928872">
        <ele>353.95</ele>
      </trkpt>
      <trkpt lat="18.919778" lon="98.930105">
        <ele>350.56</ele>
      </trkpt>
      <trkpt lat="18.91884" lon="98.931943">
        <ele>343.03</ele>
      </trkpt>
      <trkpt lat="18.918571" lon="98.932513">
        <ele>339.58</ele>
      </trkpt>
      <trkpt lat="18.918481" lon="98.932771">
        <ele>337.66</ele>
      </trkpt>
      <trkpt lat="18.918433" lon="98.933045">
        <ele>337.47</ele>
      </trkpt>
      <trkpt lat="18.91841" lon="98.933393">
        <ele>337.53</ele>
      </trkpt>
      <trkpt lat="18.918438" lon="98.933732">
        <ele>337.05</ele>
      </trkpt>
      <trkpt lat="18.918559" lon="98.934555">
        <ele>339.3</ele>
      </trkpt>
      <trkpt lat="18.918662" lon="98.935006">
        <ele>338.21</ele>
      </trkpt>
      <trkpt lat="18.918731" lon="98.935243">
        <ele>338.22</ele>
      </trkpt>
      <trkpt lat="18.91881" lon="98.935449">
        <ele>338.16</ele>
      </trkpt>
      <trkpt lat="18.918925" lon="98.935713">
        <ele>338.35</ele>
      </trkpt>
      <trkpt lat="18.919059" lon="98.935938">
        <ele>339</ele>
      </trkpt>
      <trkpt lat="18.919404" lon="98.936324">
        <ele>341.49</ele>
      </trkpt>
      <trkpt lat="18.919767" lon="98.936682">
        <ele>344.26</ele>
      </trkpt>
      <trkpt lat="18.920088" lon="98.936998">
        <ele>344.39</ele>
      </trkpt>
      <trkpt lat="18.920292" lon="98.937199">
        <ele>341.46</ele>
      </trkpt>
      <trkpt lat="18.921106" lon="98.938002">
        <ele>336.96</ele>
      </trkpt>
      <trkpt lat="18.92131" lon="98.938203">
        <ele>334.28</ele>
      </trkpt>
      <trkpt lat="18.921578" lon="98.938471">
        <ele>330.33</ele>
      </trkpt>
      <trkpt lat="18.921648" lon="98.938535">
        <ele>330.23</ele>
      </trkpt>
      <trkpt lat="18.921903" lon="98.938798">
        <ele>327.95</ele>
      </trkpt>
      <trkpt lat="18.922056" lon="98.938883">
        <ele>326.94</ele>
      </trkpt>
      <trkpt lat="18.922419" lon="98.93924">
        <ele>324</ele>
      </trkpt>
      <trkpt lat="18.923287" lon="98.9401">
        <ele>323</ele>
      </trkpt>
      <trkpt lat="18.923345" lon="98.940171">
        <ele>323</ele>
      </trkpt>
      <trkpt lat="18.922383" lon="98.940793">
        <ele>324.1</ele>
      </trkpt>
      <trkpt lat="18.921726" lon="98.941217">
        <ele>322</ele>
      </trkpt>
      <trkpt lat="18.921028" lon="98.941655">
        <ele>323.43</ele>
      </trkpt>
      <trkpt lat="18.920542" lon="98.94196">
        <ele>322.53</ele>
      </trkpt>
      <trkpt lat="18.917399" lon="98.943932">
        <ele>324.48</ele>
      </trkpt>
      <trkpt lat="18.915826" lon="98.944814">
        <ele>327.73</ele>
      </trkpt>
      <trkpt lat="18.915325" lon="98.945025">
        <ele>327.68</ele>
      </trkpt>
      <trkpt lat="18.914439" lon="98.945333">
        <ele>327</ele>
      </trkpt>
      <trkpt lat="18.913566" lon="98.945652">
        <ele>326.74</ele>
      </trkpt>
      <trkpt lat="18.912492" lon="98.946073">
        <ele>327.13</ele>
      </trkpt>
      <trkpt lat="18.911424" lon="98.946477">
        <ele>329</ele>
      </trkpt>
      <trkpt lat="18.908132" lon="98.947862">
        <ele>329.06</ele>
      </trkpt>
      <trkpt lat="18.907824" lon="98.947987">
        <ele>328.32</ele>
      </trkpt>
      <trkpt lat="18.90621" lon="98.948605">
        <ele>330</ele>
      </trkpt>
      <trkpt lat="18.904698" lon="98.949184">
        <ele>328.01</ele>
      </trkpt>
      <trkpt lat="18.903851" lon="98.949491">
        <ele>327.26</ele>
      </trkpt>
      <trkpt lat="18.901909" lon="98.950147">
        <ele>324.02</ele>
      </trkpt>
      <trkpt lat="18.901451" lon="98.950301">
        <ele>325</ele>
      </trkpt>
      <trkpt lat="18.900993" lon="98.950455">
        <ele>323.23</ele>
      </trkpt>
      <trkpt lat="18.898915" lon="98.951148">
        <ele>321</ele>
      </trkpt>
      <trkpt lat="18.897721" lon="98.951546">
        <ele>322</ele>
      </trkpt>
      <trkpt lat="18.896502" lon="98.951932">
        <ele>321</ele>
      </trkpt>
      <trkpt lat="18.895832" lon="98.952144">
        <ele>324</ele>
      </trkpt>
      <trkpt lat="18.894549" lon="98.952554">
        <ele>323.59</ele>
      </trkpt>
      <trkpt lat="18.893376" lon="98.952928">
        <ele>327.46</ele>
      </trkpt>
      <trkpt lat="18.893077" lon="98.95305">
        <ele>330.18</ele>
      </trkpt>
      <trkpt lat="18.892777" lon="98.953171">
        <ele>330.73</ele>
      </trkpt>
      <trkpt lat="18.892218" lon="98.953409">
        <ele>328</ele>
      </trkpt>
      <trkpt lat="18.890672" lon="98.9541">
        <ele>328.46</ele>
      </trkpt>
      <trkpt lat="18.889479" lon="98.954635">
        <ele>326</ele>
      </trkpt>
      <trkpt lat="18.888945" lon="98.954873">
        <ele>328.03</ele>
      </trkpt>
      <trkpt lat="18.888305" lon="98.955156">
        <ele>328</ele>
      </trkpt>
      <trkpt lat="18.888011" lon="98.955326">
        <ele>328.62</ele>
      </trkpt>
      <trkpt lat="18.886473" lon="98.956405">
        <ele>328</ele>
      </trkpt>
      <trkpt lat="18.886215" lon="98.95658">
        <ele>328.5</ele>
      </trkpt>
      <trkpt lat="18.885798" lon="98.956886">
        <ele>328.7</ele>
      </trkpt>
      <trkpt lat="18.885178" lon="98.957302">
        <ele>327.16</ele>
      </trkpt>
      <trkpt lat="18.884676" lon="98.957654">
        <ele>326</ele>
      </trkpt>
      <trkpt lat="18.884174" lon="98.958005">
        <ele>327</ele>
      </trkpt>
      <trkpt lat="18.883072" lon="98.958757">
        <ele>325</ele>
      </trkpt>
      <trkpt lat="18.882358" lon="98.959206">
        <ele>326.02</ele>
      </trkpt>
      <trkpt lat="18.881406" lon="98.959805">
        <ele>322.99</ele>
      </trkpt>
      <trkpt lat="18.880721" lon="98.960236">
        <ele>323.37</ele>
      </trkpt>
      <trkpt lat="18.87928" lon="98.961083">
        <ele>323.05</ele>
      </trkpt>
      <trkpt lat="18.878228" lon="98.961667">
        <ele>324</ele>
      </trkpt>
      <trkpt lat="18.877832" lon="98.961867">
        <ele>324</ele>
      </trkpt>
      <trkpt lat="18.87745" lon="98.962003">
        <ele>324.33</ele>
      </trkpt>
      <trkpt lat="18.876542" lon="98.962252">
        <ele>324.99</ele>
      </trkpt>
      <trkpt lat="18.875725" lon="98.962462">
        <ele>326</ele>
      </trkpt>
      <trkpt lat="18.875297" lon="98.962548">
        <ele>325.44</ele>
      </trkpt>
      <trkpt lat="18.873072" lon="98.963038">
        <ele>324.5</ele>
      </trkpt>
      <trkpt lat="18.872509" lon="98.96314">
        <ele>323.9</ele>
      </trkpt>
      <trkpt lat="18.871851" lon="98.963272">
        <ele>323</ele>
      </trkpt>
      <trkpt lat="18.871351" lon="98.963345">
        <ele>322.77</ele>
      </trkpt>
      <trkpt lat="18.871185" lon="98.963417">
        <ele>322.05</ele>
      </trkpt>
      <trkpt lat="18.869703" lon="98.963751">
        <ele>322.63</ele>
      </trkpt>
      <trkpt lat="18.868428" lon="98.964019">
        <ele>321</ele>
      </trkpt>
      <trkpt lat="18.867745" lon="98.964171">
        <ele>321</ele>
      </trkpt>
      <trkpt lat="18.867213" lon="98.96428">
        <ele>320.83</ele>
      </trkpt>
      <trkpt lat="18.86695" lon="98.964341">
        <ele>320</ele>
      </trkpt>
      <trkpt lat="18.866334" lon="98.96451">
        <ele>320</ele>
      </trkpt>
      <trkpt lat="18.866091" lon="98.964575">
        <ele>320</ele>
      </trkpt>
      <trkpt lat="18.865291" lon="98.964844">
        <ele>319</ele>
      </trkpt>
      <trkpt lat="18.864304" lon="98.965169">
        <ele>321.88</ele>
      </trkpt>
      <trkpt lat="18.864306" lon="98.965327">
        <ele>323.54</ele>
      </trkpt>
      <trkpt lat="18.86432" lon="98.96551">
        <ele>324.87</ele>
      </trkpt>
      <trkpt lat="18.864365" lon="98.965818">
        <ele>324.07</ele>
      </trkpt>
      <trkpt lat="18.864421" lon="98.966014">
        <ele>322.27</ele>
      </trkpt>
      <trkpt lat="18.864538" lon="98.966264">
        <ele>320.25</ele>
      </trkpt>
      <trkpt lat="18.864778" lon="98.966849">
        <ele>319.34</ele>
      </trkpt>
      <trkpt lat="18.865196" lon="98.966808">
        <ele>318.58</ele>
      </trkpt>
      <trkpt lat="18.866871" lon="98.966724">
        <ele>318</ele>
      </trkpt>
      <trkpt lat="18.866927" lon="98.965347">
        <ele>319.09</ele>
      </trkpt>
      <trkpt lat="18.86694" lon="98.964805">
        <ele>319.62</ele>
      </trkpt>
      <trkpt lat="18.86695" lon="98.964341">
        <ele>320</ele>
      </trkpt>
      <trkpt lat="18.866334" lon="98.96451">
        <ele>320</ele>
      </trkpt>
      <trkpt lat="18.866091" lon="98.964575">
        <ele>320</ele>
      </trkpt>
      <trkpt lat="18.865291" lon="98.964844">
        <ele>319</ele>
      </trkpt>
      <trkpt lat="18.864304" lon="98.965169">
        <ele>321.88</ele>
      </trkpt>
      <trkpt lat="18.863872" lon="98.965334">
        <ele>321.73</ele>
      </trkpt>
      <trkpt lat="18.863544" lon="98.965343">
        <ele>320.21</ele>
      </trkpt>
      <trkpt lat="18.863112" lon="98.965497">
        <ele>320</ele>
      </trkpt>
      <trkpt lat="18.862124" lon="98.965812">
        <ele>321</ele>
      </trkpt>
      <trkpt lat="18.860841" lon="98.966211">
        <ele>319.05</ele>
      </trkpt>
      <trkpt lat="18.859558" lon="98.96661">
        <ele>322</ele>
      </trkpt>
      <trkpt lat="18.859052" lon="98.966767">
        <ele>320.52</ele>
      </trkpt>
      <trkpt lat="18.857253" lon="98.967336">
        <ele>321.7</ele>
      </trkpt>
      <trkpt lat="18.855354" lon="98.967928">
        <ele>321.01</ele>
      </trkpt>
      <trkpt lat="18.853425" lon="98.968588">
        <ele>322.05</ele>
      </trkpt>
      <trkpt lat="18.852437" lon="98.968921">
        <ele>319.99</ele>
      </trkpt>
      <trkpt lat="18.851928" lon="98.969103">
        <ele>319</ele>
      </trkpt>
      <trkpt lat="18.851579" lon="98.969255">
        <ele>319</ele>
      </trkpt>
      <trkpt lat="18.849327" lon="98.970118">
        <ele>317.08</ele>
      </trkpt>
      <trkpt lat="18.847748" lon="98.970723">
        <ele>321.18</ele>
      </trkpt>
      <trkpt lat="18.847147" lon="98.970954">
        <ele>319</ele>
      </trkpt>
      <trkpt lat="18.846235" lon="98.971309">
        <ele>321.53</ele>
      </trkpt>
      <trkpt lat="18.844228" lon="98.97209">
        <ele>319</ele>
      </trkpt>
      <trkpt lat="18.843707" lon="98.972298">
        <ele>319</ele>
      </trkpt>
      <trkpt lat="18.842585" lon="98.972786">
        <ele>320.17</ele>
      </trkpt>
      <trkpt lat="18.840399" lon="98.973709">
        <ele>321.54</ele>
      </trkpt>
      <trkpt lat="18.84018" lon="98.973801">
        <ele>319.82</ele>
      </trkpt>
      <trkpt lat="18.839659" lon="98.974003">
        <ele>318.39</ele>
      </trkpt>
      <trkpt lat="18.839257" lon="98.97416">
        <ele>323.13</ele>
      </trkpt>
      <trkpt lat="18.839039" lon="98.974245">
        <ele>324.11</ele>
      </trkpt>
      <trkpt lat="18.838151" lon="98.974594">
        <ele>319.76</ele>
      </trkpt>
      <trkpt lat="18.836531" lon="98.975229">
        <ele>317.55</ele>
      </trkpt>
      <trkpt lat="18.834751" lon="98.975933">
        <ele>319.34</ele>
      </trkpt>
      <trkpt lat="18.833247" lon="98.976546">
        <ele>319</ele>
      </trkpt>
      <trkpt lat="18.832542" lon="98.976822">
        <ele>320.36</ele>
      </trkpt>
      <trkpt lat="18.831068" lon="98.977398">
        <ele>317.29</ele>
      </trkpt>
      <trkpt lat="18.830378" lon="98.977737">
        <ele>319.02</ele>
      </trkpt>
      <trkpt lat="18.828989" lon="98.978418">
        <ele>318.86</ele>
      </trkpt>
      <trkpt lat="18.828064" lon="98.978825">
        <ele>317.21</ele>
      </trkpt>
      <trkpt lat="18.827832" lon="98.97891">
        <ele>319.78</ele>
      </trkpt>
      <trkpt lat="18.827601" lon="98.978994">
        <ele>319.69</ele>
      </trkpt>
      <trkpt lat="18.827371" lon="98.979059">
        <ele>317.66</ele>
      </trkpt>
      <trkpt lat="18.827141" lon="98.979124">
        <ele>318</ele>
      </trkpt>
      <trkpt lat="18.825988" lon="98.979393">
        <ele>319.59</ele>
      </trkpt>
      <trkpt lat="18.825473" lon="98.979514">
        <ele>318.24</ele>
      </trkpt>
      <trkpt lat="18.824958" lon="98.979636">
        <ele>319</ele>
      </trkpt>
      <trkpt lat="18.824404" lon="98.979783">
        <ele>316.36</ele>
      </trkpt>
      <trkpt lat="18.822767" lon="98.980216">
        <ele>316</ele>
      </trkpt>
      <trkpt lat="18.822119" lon="98.980398">
        <ele>315.57</ele>
      </trkpt>
      <trkpt lat="18.821551" lon="98.980557">
        <ele>312.55</ele>
      </trkpt>
      <trkpt lat="18.821196" lon="98.980658">
        <ele>314.96</ele>
      </trkpt>
      <trkpt lat="18.820378" lon="98.980892">
        <ele>316.71</ele>
      </trkpt>
      <trkpt lat="18.819879" lon="98.981055">
        <ele>315.01</ele>
      </trkpt>
      <trkpt lat="18.819378" lon="98.981226">
        <ele>317</ele>
      </trkpt>
      <trkpt lat="18.818845" lon="98.981422">
        <ele>316.36</ele>
      </trkpt>
      <trkpt lat="18.818542" lon="98.981547">
        <ele>319</ele>
      </trkpt>
      <trkpt lat="18.817942" lon="98.981793">
        <ele>315.51</ele>
      </trkpt>
      <trkpt lat="18.817472" lon="98.981982">
        <ele>315.51</ele>
      </trkpt>
      <trkpt lat="18.817329" lon="98.982049">
        <ele>316</ele>
      </trkpt>
      <trkpt lat="18.816843" lon="98.982239">
        <ele>315.2</ele>
      </trkpt>
      <trkpt lat="18.816187" lon="98.982515">
        <ele>315.49</ele>
      </trkpt>
      <trkpt lat="18.815895" lon="98.982638">
        <ele>313.55</ele>
      </trkpt>
      <trkpt lat="18.814809" lon="98.983076">
        <ele>314.16</ele>
      </trkpt>
      <trkpt lat="18.814034" lon="98.983367">
        <ele>315.34</ele>
      </trkpt>
      <trkpt lat="18.81324" lon="98.983646">
        <ele>315</ele>
      </trkpt>
      <trkpt lat="18.812363" lon="98.983982">
        <ele>316.18</ele>
      </trkpt>
      <trkpt lat="18.812183" lon="98.984054">
        <ele>314.32</ele>
      </trkpt>
      <trkpt lat="18.812107" lon="98.984077">
        <ele>312.76</ele>
      </trkpt>
      <trkpt lat="18.811892" lon="98.984153">
        <ele>311.36</ele>
      </trkpt>
      <trkpt lat="18.811677" lon="98.98423">
        <ele>313.82</ele>
      </trkpt>
      <trkpt lat="18.811628" lon="98.983894">
        <ele>311.62</ele>
      </trkpt>
      <trkpt lat="18.811555" lon="98.983348">
        <ele>314.77</ele>
      </trkpt>
      <trkpt lat="18.81152" lon="98.983027">
        <ele>317.07</ele>
      </trkpt>
      <trkpt lat="18.811428" lon="98.982154">
        <ele>316.23</ele>
      </trkpt>
      <trkpt lat="18.811372" lon="98.981736">
        <ele>314.06</ele>
      </trkpt>
      <trkpt lat="18.811312" lon="98.981336">
        <ele>314.64</ele>
      </trkpt>
      <trkpt lat="18.811228" lon="98.980826">
        <ele>315</ele>
      </trkpt>
      <trkpt lat="18.811123" lon="98.980248">
        <ele>316.44</ele>
      </trkpt>
      <trkpt lat="18.810963" lon="98.979472">
        <ele>314.26</ele>
      </trkpt>
      <trkpt lat="18.810864" lon="98.97902">
        <ele>314</ele>
      </trkpt>
      <trkpt lat="18.810799" lon="98.978756">
        <ele>314.79</ele>
      </trkpt>
      <trkpt lat="18.810658" lon="98.978241">
        <ele>315.93</ele>
      </trkpt>
      <trkpt lat="18.810579" lon="98.977992">
        <ele>315</ele>
      </trkpt>
      <trkpt lat="18.810091" lon="98.976814">
        <ele>317.54</ele>
      </trkpt>
      <trkpt lat="18.809851" lon="98.976275">
        <ele>320.4</ele>
      </trkpt>
      <trkpt lat="18.809644" lon="98.97587">
        <ele>317.21</ele>
      </trkpt>
      <trkpt lat="18.80932" lon="98.975264">
        <ele>316</ele>
      </trkpt>
      <trkpt lat="18.809296" lon="98.975028">
        <ele>316.01</ele>
      </trkpt>
      <trkpt lat="18.809197" lon="98.974853">
        <ele>316.93</ele>
      </trkpt>
      <trkpt lat="18.80882" lon="98.97422">
        <ele>317</ele>
      </trkpt>
      <trkpt lat="18.808426" lon="98.973645">
        <ele>320.36</ele>
      </trkpt>
      <trkpt lat="18.808023" lon="98.973084">
        <ele>321.51</ele>
      </trkpt>
      <trkpt lat="18.807609" lon="98.972587">
        <ele>322.39</ele>
      </trkpt>
      <trkpt lat="18.807402" lon="98.972339">
        <ele>320.43</ele>
      </trkpt>
      <trkpt lat="18.806979" lon="98.971884">
        <ele>318.07</ele>
      </trkpt>
      <trkpt lat="18.806556" lon="98.97143">
        <ele>319</ele>
      </trkpt>
      <trkpt lat="18.806051" lon="98.970957">
        <ele>319.97</ele>
      </trkpt>
      <trkpt lat="18.80567" lon="98.97062">
        <ele>321.46</ele>
      </trkpt>
      <trkpt lat="18.805479" lon="98.970452">
        <ele>320</ele>
      </trkpt>
      <trkpt lat="18.805067" lon="98.970116">
        <ele>320.64</ele>
      </trkpt>
      <trkpt lat="18.804665" lon="98.969808">
        <ele>320.4</ele>
      </trkpt>
      <trkpt lat="18.804089" lon="98.969397">
        <ele>320</ele>
      </trkpt>
      <trkpt lat="18.803828" lon="98.969236">
        <ele>321</ele>
      </trkpt>
      <trkpt lat="18.803526" lon="98.969052">
        <ele>320</ele>
      </trkpt>
      <trkpt lat="18.803" lon="98.968756">
        <ele>321</ele>
      </trkpt>
      <trkpt lat="18.802751" lon="98.96875">
        <ele>321.78</ele>
      </trkpt>
      <trkpt lat="18.802259" lon="98.968507">
        <ele>322.05</ele>
      </trkpt>
    </trkseg>
  </trk>
</gpx>
